{
  "credit": "Made with Blockbench",
  "texture_size": [64, 64],
  "textures": {
    "0": "furniturepack:chair",
    "particle": "furniturepack:chair"
  },
  "elements": [
    {
      "from": [0, 8, 0],
      "to": [16, 10, 16],
      "faces": {
        "north": { "uv": [4, 4.5, 8, 5], "texture": "#0" },
        "east": { "uv": [4, 5, 8, 5.5], "texture": "#0" },
        "south": { "uv": [4, 5.5, 8, 6], "texture": "#0" },
        "west": { "uv": [4, 6, 8, 6.5], "texture": "#0" },
        "up": { "uv": [4, 4, 0, 0], "texture": "#0" },
        "down": { "uv": [4, 4, 0, 8], "texture": "#0" }
      }
    },
    {
      "from": [0, 10, 14],
      "to": [16, 19, 16],
      "faces": {
        "north": { "uv": [4, 0, 8, 2.25], "texture": "#0" },
        "east": { "uv": [4, 7.5, 4.5, 9.75], "texture": "#0" },
        "south": { "uv": [4, 2.25, 8, 4.5], "texture": "#0" },
        "west": { "uv": [4.5, 7.5, 5, 9.75], "texture": "#0" },
        "up": { "uv": [8, 7, 4, 6.5], "texture": "#0" },
        "down": { "uv": [8, 7, 4, 7.5], "texture": "#0" }
      }
    },
    {
      "from": [14, 0, 0],
      "to": [16, 8, 2],
      "faces": {
        "north": { "uv": [5, 7.5, 5.5, 9.5], "texture": "#0" },
        "east": { "uv": [5.5, 7.5, 6, 9.5], "texture": "#0" },
        "south": { "uv": [6, 7.5, 6.5, 9.5], "texture": "#0" },
        "west": { "uv": [6.5, 7.5, 7, 9.5], "texture": "#0" },
        "up": { "uv": [8.5, 4.5, 8, 4], "texture": "#0" },
        "down": { "uv": [8.5, 4.5, 8, 5], "texture": "#0" }
      }
    },
    {
      "from": [0, 0, 0],
      "to": [2, 8, 2],
      "faces": {
        "north": { "uv": [7, 7.5, 7.5, 9.5], "texture": "#0" },
        "east": { "uv": [7.5, 7.5, 8, 9.5], "texture": "#0" },
        "south": { "uv": [0, 8, 0.5, 10], "texture": "#0" },
        "west": { "uv": [8, 0, 8.5, 2], "texture": "#0" },
        "up": { "uv": [8.5, 5.5, 8, 5], "texture": "#0" },
        "down": { "uv": [8.5, 5.5, 8, 6], "texture": "#0" }
      }
    },
    {
      "from": [14, 0, 14],
      "to": [16, 8, 16],
      "faces": {
        "north": { "uv": [0.5, 8, 1, 10], "texture": "#0" },
        "east": { "uv": [1, 8, 1.5, 10], "texture": "#0" },
        "south": { "uv": [1.5, 8, 2, 10], "texture": "#0" },
        "west": { "uv": [2, 8, 2.5, 10], "texture": "#0" },
        "up": { "uv": [8.5, 6.5, 8, 6], "texture": "#0" },
        "down": { "uv": [8.5, 6.5, 8, 7], "texture": "#0" }
      }
    },
    {
      "from": [0, 0, 14],
      "to": [2, 8, 16],
      "faces": {
        "north": { "uv": [8, 2, 8.5, 4], "texture": "#0" },
        "east": { "uv": [2.5, 8, 3, 10], "texture": "#0" },
        "south": { "uv": [3, 8, 3.5, 10], "texture": "#0" },
        "west": { "uv": [3.5, 8, 4, 10], "texture": "#0" },
        "up": { "uv": [8.5, 7.5, 8, 7], "texture": "#0" },
        "down": { "uv": [8.5, 7.5, 8, 8], "texture": "#0" }
      }
    }
  ],
  "display": {
    "thirdperson_righthand": {
      "rotation": [75, 45, 0],
      "translation": [0, 2.5, 0],
      "scale": [0.375, 0.375, 0.375]
    },
    "thirdperson_lefthand": {
      "rotation": [75, 45, 0],
      "translation": [0, 2.5, 0],
      "scale": [0.375, 0.375, 0.375]
    },
    "firstperson_righthand": {
      "rotation": [0, 45, 0],
      "scale": [0.4, 0.4, 0.4]
    },
    "firstperson_lefthand": {
      "rotation": [0, 225, 0],
      "scale": [0.4, 0.4, 0.4]
    },
    "ground": {
      "translation": [0, 3, 0],
      "scale": [0.25, 0.25, 0.25]
    },
    "gui": {
      "rotation": [30, 225, 0],
      "translation": [0, -0.75, 0],
      "scale": [0.5, 0.5, 0.5]
    },
    "head": {
      "rotation": [0, 180, 0],
      "translation": [0, -13.75, 0],
      "scale": [2.305, 2.305, 2.305]
    },
    "fixed": {
      "scale": [0.5, 0.5, 0.5]
    }
  },
  "groups": [
    {
      "name": "group",
      "origin": [0, 0, 0],
      "color": 0,
      "children": [0, 1, 2, 3, 4, 5]
    }
  ]
}
