{
	"credit": "Made with Blockbench",
	"texture_size": [64, 64],
	"textures": {
		"0": "furniturepack:counter",
		"particle": "furniturepack:counter"
	},
	"elements": [
		{
			"from": [12, 6.2, 4.2],
			"to": [13, 7.2, 5.2],
			"rotation": {"angle": 0, "axis": "y", "origin": [11, 7, 4]},
			"faces": {
				"north": {"uv": [2.5, 11.75, 2.75, 12], "texture": "#0"},
				"east": {"uv": [2.75, 11.75, 3, 12], "texture": "#0"},
				"south": {"uv": [3, 11.75, 3.25, 12], "texture": "#0"},
				"west": {"uv": [3.25, 11.75, 3.5, 12], "texture": "#0"},
				"up": {"uv": [3.75, 12, 3.5, 11.75], "texture": "#0"},
				"down": {"uv": [4, 11.75, 3.75, 12], "texture": "#0"}
			}
		},
		{
			"from": [6.6, 6.2, 4.2],
			"to": [8.6, 7.2, 5.2],
			"rotation": {"angle": 0, "axis": "y", "origin": [8, 7, 4]},
			"faces": {
				"north": {"uv": [10.25, 11.25, 10.75, 11.5], "texture": "#0"},
				"east": {"uv": [4, 11.75, 4.25, 12], "texture": "#0"},
				"south": {"uv": [11.25, 10.5, 11.75, 10.75], "texture": "#0"},
				"west": {"uv": [4.25, 11.75, 4.5, 12], "texture": "#0"},
				"up": {"uv": [11.25, 11.5, 10.75, 11.25], "texture": "#0"},
				"down": {"uv": [11.75, 11.25, 11.25, 11.5], "texture": "#0"}
			}
		},
		{
			"from": [4.4, 6.2, 4.2],
			"to": [6.4, 7.2, 5.2],
			"rotation": {"angle": 0, "axis": "y", "origin": [8, 7, 4]},
			"faces": {
				"north": {"uv": [1, 11.5, 1.5, 11.75], "texture": "#0"},
				"east": {"uv": [4.5, 11.75, 4.75, 12], "texture": "#0"},
				"south": {"uv": [1.5, 11.5, 2, 11.75], "texture": "#0"},
				"west": {"uv": [4.75, 11.75, 5, 12], "texture": "#0"},
				"up": {"uv": [2.5, 11.75, 2, 11.5], "texture": "#0"},
				"down": {"uv": [3, 11.5, 2.5, 11.75], "texture": "#0"}
			}
		},
		{
			"from": [6.6, 6.2, 5.4],
			"to": [8.6, 7.2, 6.4],
			"rotation": {"angle": 0, "axis": "y", "origin": [8, 7, 5]},
			"faces": {
				"north": {"uv": [3, 9, 3.5, 9.25], "texture": "#0"},
				"east": {"uv": [4, 11, 4.25, 11.25], "texture": "#0"},
				"south": {"uv": [3, 9.25, 3.5, 9.5], "texture": "#0"},
				"west": {"uv": [5.5, 11.25, 5.75, 11.5], "texture": "#0"},
				"up": {"uv": [3, 10.25, 2.5, 10], "texture": "#0"},
				"down": {"uv": [3, 10.25, 2.5, 10.5], "texture": "#0"}
			}
		},
		{
			"from": [4.4, 6.2, 5.4],
			"to": [6.4, 7.2, 6.4],
			"rotation": {"angle": 0, "axis": "y", "origin": [8, 7, 5]},
			"faces": {
				"north": {"uv": [3, 11.5, 3.5, 11.75], "texture": "#0"},
				"east": {"uv": [5.5, 11.75, 5.75, 12], "texture": "#0"},
				"south": {"uv": [3.5, 11.5, 4, 11.75], "texture": "#0"},
				"west": {"uv": [5.75, 11.75, 6, 12], "texture": "#0"},
				"up": {"uv": [4.5, 11.75, 4, 11.5], "texture": "#0"},
				"down": {"uv": [5, 11.5, 4.5, 11.75], "texture": "#0"}
			}
		},
		{
			"from": [6.6, 6.2, 6.6],
			"to": [8.6, 7.2, 7.6],
			"rotation": {"angle": 0, "axis": "y", "origin": [8, 7, 6]},
			"faces": {
				"north": {"uv": [5.5, 11.5, 6, 11.75], "texture": "#0"},
				"east": {"uv": [6, 11.75, 6.25, 12], "texture": "#0"},
				"south": {"uv": [6, 11.5, 6.5, 11.75], "texture": "#0"},
				"west": {"uv": [6.25, 11.75, 6.5, 12], "texture": "#0"},
				"up": {"uv": [7, 11.75, 6.5, 11.5], "texture": "#0"},
				"down": {"uv": [7.5, 11.5, 7, 11.75], "texture": "#0"}
			}
		},
		{
			"from": [4.4, 6.2, 6.6],
			"to": [6.4, 7.2, 7.6],
			"rotation": {"angle": 0, "axis": "y", "origin": [6, 7, 6]},
			"faces": {
				"north": {"uv": [7.5, 11.5, 8, 11.75], "texture": "#0"},
				"east": {"uv": [6.5, 11.75, 6.75, 12], "texture": "#0"},
				"south": {"uv": [8, 11.5, 8.5, 11.75], "texture": "#0"},
				"west": {"uv": [6.75, 11.75, 7, 12], "texture": "#0"},
				"up": {"uv": [9, 11.75, 8.5, 11.5], "texture": "#0"},
				"down": {"uv": [9.5, 11.5, 9, 11.75], "texture": "#0"}
			}
		},
		{
			"from": [10.8, 6.2, 4.2],
			"to": [11.8, 7.2, 5.2],
			"rotation": {"angle": 0, "axis": "y", "origin": [11, 7, 4]},
			"faces": {
				"north": {"uv": [7, 11.75, 7.25, 12], "texture": "#0"},
				"east": {"uv": [7.25, 11.75, 7.5, 12], "texture": "#0"},
				"south": {"uv": [7.5, 11.75, 7.75, 12], "texture": "#0"},
				"west": {"uv": [7.75, 11.75, 8, 12], "texture": "#0"},
				"up": {"uv": [8.25, 12, 8, 11.75], "texture": "#0"},
				"down": {"uv": [8.5, 11.75, 8.25, 12], "texture": "#0"}
			}
		},
		{
			"from": [9.6, 6.2, 4.2],
			"to": [10.6, 7.2, 5.2],
			"rotation": {"angle": 0, "axis": "y", "origin": [11, 7, 4]},
			"faces": {
				"north": {"uv": [8.5, 11.75, 8.75, 12], "texture": "#0"},
				"east": {"uv": [8.75, 11.75, 9, 12], "texture": "#0"},
				"south": {"uv": [9, 11.75, 9.25, 12], "texture": "#0"},
				"west": {"uv": [9.25, 11.75, 9.5, 12], "texture": "#0"},
				"up": {"uv": [9.75, 12, 9.5, 11.75], "texture": "#0"},
				"down": {"uv": [10, 11.75, 9.75, 12], "texture": "#0"}
			}
		},
		{
			"from": [12, 6.2, 5.4],
			"to": [13, 7.2, 6.4],
			"rotation": {"angle": 0, "axis": "y", "origin": [11, 7, 5]},
			"faces": {
				"north": {"uv": [10, 11.75, 10.25, 12], "texture": "#0"},
				"east": {"uv": [10.25, 11.75, 10.5, 12], "texture": "#0"},
				"south": {"uv": [10.5, 11.75, 10.75, 12], "texture": "#0"},
				"west": {"uv": [11.75, 10.5, 12, 10.75], "texture": "#0"},
				"up": {"uv": [11, 12, 10.75, 11.75], "texture": "#0"},
				"down": {"uv": [11.25, 11.75, 11, 12], "texture": "#0"}
			}
		},
		{
			"from": [12, 6.2, 6.6],
			"to": [13, 7.2, 7.6],
			"rotation": {"angle": 0, "axis": "y", "origin": [11, 7, 6]},
			"faces": {
				"north": {"uv": [11.75, 11, 12, 11.25], "texture": "#0"},
				"east": {"uv": [11.25, 11.75, 11.5, 12], "texture": "#0"},
				"south": {"uv": [11.75, 11.25, 12, 11.5], "texture": "#0"},
				"west": {"uv": [11.5, 11.75, 11.75, 12], "texture": "#0"},
				"up": {"uv": [12, 12, 11.75, 11.75], "texture": "#0"},
				"down": {"uv": [1.25, 12, 1, 12.25], "texture": "#0"}
			}
		},
		{
			"from": [10.8, 6.2, 6.6],
			"to": [11.8, 7.2, 7.6],
			"rotation": {"angle": 0, "axis": "y", "origin": [10, 7, 6]},
			"faces": {
				"north": {"uv": [1.25, 12, 1.5, 12.25], "texture": "#0"},
				"east": {"uv": [1.5, 12, 1.75, 12.25], "texture": "#0"},
				"south": {"uv": [1.75, 12, 2, 12.25], "texture": "#0"},
				"west": {"uv": [2, 12, 2.25, 12.25], "texture": "#0"},
				"up": {"uv": [2.5, 12.25, 2.25, 12], "texture": "#0"},
				"down": {"uv": [2.75, 12, 2.5, 12.25], "texture": "#0"}
			}
		},
		{
			"from": [9.6, 6.2, 6.6],
			"to": [10.6, 7.2, 7.6],
			"rotation": {"angle": 0, "axis": "y", "origin": [10, 7, 6]},
			"faces": {
				"north": {"uv": [2.75, 12, 3, 12.25], "texture": "#0"},
				"east": {"uv": [3, 12, 3.25, 12.25], "texture": "#0"},
				"south": {"uv": [3.25, 12, 3.5, 12.25], "texture": "#0"},
				"west": {"uv": [3.5, 12, 3.75, 12.25], "texture": "#0"},
				"up": {"uv": [4, 12.25, 3.75, 12], "texture": "#0"},
				"down": {"uv": [4.25, 12, 4, 12.25], "texture": "#0"}
			}
		},
		{
			"from": [9.6, 6.2, 5.4],
			"to": [10.6, 7.2, 6.4],
			"rotation": {"angle": 0, "axis": "y", "origin": [10, 7, 5]},
			"faces": {
				"north": {"uv": [4.25, 12, 4.5, 12.25], "texture": "#0"},
				"east": {"uv": [4.5, 12, 4.75, 12.25], "texture": "#0"},
				"south": {"uv": [4.75, 12, 5, 12.25], "texture": "#0"},
				"west": {"uv": [5.5, 12, 5.75, 12.25], "texture": "#0"},
				"up": {"uv": [6, 12.25, 5.75, 12], "texture": "#0"},
				"down": {"uv": [6.25, 12, 6, 12.25], "texture": "#0"}
			}
		},
		{
			"from": [10.8, 6.2, 5.4],
			"to": [11.8, 7.2, 6.4],
			"rotation": {"angle": 0, "axis": "y", "origin": [10, 7, 5]},
			"faces": {
				"north": {"uv": [6.25, 12, 6.5, 12.25], "texture": "#0"},
				"east": {"uv": [6.5, 12, 6.75, 12.25], "texture": "#0"},
				"south": {"uv": [6.75, 12, 7, 12.25], "texture": "#0"},
				"west": {"uv": [7, 12, 7.25, 12.25], "texture": "#0"},
				"up": {"uv": [7.5, 12.25, 7.25, 12], "texture": "#0"},
				"down": {"uv": [7.75, 12, 7.5, 12.25], "texture": "#0"}
			}
		},
		{
			"from": [4.4, 6.2, 3],
			"to": [6.4, 7.2, 4],
			"rotation": {"angle": 0, "axis": "y", "origin": [8, 7, 3]},
			"faces": {
				"north": {"uv": [9.5, 11.5, 10, 11.75], "texture": "#0"},
				"east": {"uv": [7.75, 12, 8, 12.25], "texture": "#0"},
				"south": {"uv": [10, 11.5, 10.5, 11.75], "texture": "#0"},
				"west": {"uv": [8, 12, 8.25, 12.25], "texture": "#0"},
				"up": {"uv": [11, 11.75, 10.5, 11.5], "texture": "#0"},
				"down": {"uv": [11.5, 11.5, 11, 11.75], "texture": "#0"}
			}
		},
		{
			"from": [9.6, 6.2, 3],
			"to": [10.6, 7.2, 4],
			"rotation": {"angle": 0, "axis": "y", "origin": [10, 7, 3]},
			"faces": {
				"north": {"uv": [8.25, 12, 8.5, 12.25], "texture": "#0"},
				"east": {"uv": [8.5, 12, 8.75, 12.25], "texture": "#0"},
				"south": {"uv": [8.75, 12, 9, 12.25], "texture": "#0"},
				"west": {"uv": [9, 12, 9.25, 12.25], "texture": "#0"},
				"up": {"uv": [9.5, 12.25, 9.25, 12], "texture": "#0"},
				"down": {"uv": [9.75, 12, 9.5, 12.25], "texture": "#0"}
			}
		},
		{
			"from": [6.6, 6.2, 3],
			"to": [8.6, 7.2, 4],
			"rotation": {"angle": 0, "axis": "y", "origin": [8, 7, 3]},
			"faces": {
				"north": {"uv": [11.5, 11.5, 12, 11.75], "texture": "#0"},
				"east": {"uv": [9.75, 12, 10, 12.25], "texture": "#0"},
				"south": {"uv": [1, 11.75, 1.5, 12], "texture": "#0"},
				"west": {"uv": [10, 12, 10.25, 12.25], "texture": "#0"},
				"up": {"uv": [2, 12, 1.5, 11.75], "texture": "#0"},
				"down": {"uv": [2.5, 11.75, 2, 12], "texture": "#0"}
			}
		},
		{
			"from": [12, 6.2, 3],
			"to": [13, 7.2, 4],
			"rotation": {"angle": 0, "axis": "y", "origin": [11, 7, 3]},
			"faces": {
				"north": {"uv": [10.25, 12, 10.5, 12.25], "texture": "#0"},
				"east": {"uv": [10.5, 12, 10.75, 12.25], "texture": "#0"},
				"south": {"uv": [12, 10.5, 12.25, 10.75], "texture": "#0"},
				"west": {"uv": [10.75, 12, 11, 12.25], "texture": "#0"},
				"up": {"uv": [11.25, 12.25, 11, 12], "texture": "#0"},
				"down": {"uv": [12.25, 11, 12, 11.25], "texture": "#0"}
			}
		},
		{
			"from": [10.8, 6.2, 3],
			"to": [11.8, 7.2, 4],
			"rotation": {"angle": 0, "axis": "y", "origin": [11, 7, 3]},
			"faces": {
				"north": {"uv": [11.25, 12, 11.5, 12.25], "texture": "#0"},
				"east": {"uv": [12, 11.25, 12.25, 11.5], "texture": "#0"},
				"south": {"uv": [11.5, 12, 11.75, 12.25], "texture": "#0"},
				"west": {"uv": [12, 11.5, 12.25, 11.75], "texture": "#0"},
				"up": {"uv": [12, 12.25, 11.75, 12], "texture": "#0"},
				"down": {"uv": [12.25, 11.75, 12, 12], "texture": "#0"}
			}
		},
		{
			"from": [2, 4.8, 10],
			"to": [14, 6.8, 16],
			"rotation": {"angle": -45, "axis": "x", "origin": [8, 5, 9]},
			"faces": {
				"north": {"uv": [9.5, 7.25, 12.5, 7.75], "texture": "#0"},
				"east": {"uv": [1, 10, 2.5, 10.5], "texture": "#0"},
				"south": {"uv": [9.5, 7.75, 12.5, 8.25], "texture": "#0"},
				"west": {"uv": [4.25, 10.75, 5.75, 11.25], "texture": "#0"},
				"up": {"uv": [3, 8.5, 0, 7], "texture": "#0"},
				"down": {"uv": [3, 8.5, 0, 10], "texture": "#0"}
			}
		},
		{
			"from": [4, 6.8, 10],
			"to": [8, 7.8, 13],
			"rotation": {"angle": -45, "axis": "x", "origin": [8, 7, 9]},
			"faces": {
				"north": {"uv": [10.75, 11, 11.75, 11.25], "texture": "#0"},
				"east": {"uv": [8.75, 11.25, 9.5, 11.5], "texture": "#0"},
				"south": {"uv": [1, 11.25, 2, 11.5], "texture": "#0"},
				"west": {"uv": [9.5, 11.25, 10.25, 11.5], "texture": "#0"},
				"up": {"uv": [6.75, 11.5, 5.75, 10.75], "texture": "#0"},
				"down": {"uv": [7.75, 10.75, 6.75, 11.5], "texture": "#0"}
			}
		},
		{
			"from": [2, 5, 2],
			"to": [14, 7, 14],
			"rotation": {"angle": 0, "axis": "y", "origin": [8, 5, 8]},
			"faces": {
				"north": {"uv": [9.5, 8.25, 12.5, 8.75], "texture": "#0"},
				"east": {"uv": [9.5, 8.75, 12.5, 9.25], "texture": "#0"},
				"south": {"uv": [9.5, 9.25, 12.5, 9.75], "texture": "#0"},
				"west": {"uv": [9.5, 9.75, 12.5, 10.25], "texture": "#0"},
				"up": {"uv": [6.5, 9.5, 3.5, 6.5], "texture": "#0"},
				"down": {"uv": [9.5, 6.5, 6.5, 9.5], "texture": "#0"}
			}
		},
		{
			"from": [1, 1, 1],
			"to": [2, 5, 15],
			"rotation": {"angle": 0, "axis": "y", "origin": [-13, 1, 0]},
			"faces": {
				"north": {"uv": [3, 7, 3.25, 8], "texture": "#0"},
				"east": {"uv": [9.5, 0, 13, 1], "texture": "#0"},
				"south": {"uv": [3.25, 7, 3.5, 8], "texture": "#0"},
				"west": {"uv": [9.5, 1, 13, 2], "texture": "#0"},
				"up": {"uv": [0.25, 13.5, 0, 10], "texture": "#0"},
				"down": {"uv": [0.5, 10, 0.25, 13.5], "texture": "#0"}
			}
		},
		{
			"from": [14, 1, 1],
			"to": [15, 5, 15],
			"rotation": {"angle": 0, "axis": "y", "origin": [0, 1, 0]},
			"faces": {
				"north": {"uv": [3, 8, 3.25, 9], "texture": "#0"},
				"east": {"uv": [9.5, 2, 13, 3], "texture": "#0"},
				"south": {"uv": [3.25, 8, 3.5, 9], "texture": "#0"},
				"west": {"uv": [3, 9.5, 6.5, 10.5], "texture": "#0"},
				"up": {"uv": [0.75, 13.5, 0.5, 10], "texture": "#0"},
				"down": {"uv": [1, 10, 0.75, 13.5], "texture": "#0"}
			}
		},
		{
			"from": [2, 4, 1],
			"to": [14, 5, 14],
			"rotation": {"angle": 0, "axis": "y", "origin": [0, 4, 0]},
			"faces": {
				"north": {"uv": [7.75, 10.75, 10.75, 11], "texture": "#0"},
				"east": {"uv": [8, 10.5, 11.25, 10.75], "texture": "#0"},
				"south": {"uv": [10.75, 10.75, 13.75, 11], "texture": "#0"},
				"west": {"uv": [1, 10.75, 4.25, 11], "texture": "#0"},
				"up": {"uv": [6.5, 3.25, 3.5, 0], "texture": "#0"},
				"down": {"uv": [6.5, 3.25, 3.5, 6.5], "texture": "#0"}
			}
		},
		{
			"from": [6.1, 2, 0],
			"to": [9.9, 2.8, 1],
			"rotation": {"angle": 0, "axis": "y", "origin": [-1, 1, -13]},
			"faces": {
				"north": {"uv": [2, 11.25, 3, 11.5], "texture": "#0"},
				"east": {"uv": [12, 12, 12.25, 12.25], "texture": "#0"},
				"south": {"uv": [3, 11.25, 4, 11.5], "texture": "#0"},
				"west": {"uv": [1, 12.25, 1.25, 12.5], "texture": "#0"},
				"up": {"uv": [5, 11.5, 4, 11.25], "texture": "#0"},
				"down": {"uv": [8.75, 11.25, 7.75, 11.5], "texture": "#0"}
			}
		},
		{
			"from": [2.1, 1, 1],
			"to": [13.9, 3.8, 14],
			"rotation": {"angle": 0, "axis": "y", "origin": [0, 1, 0]},
			"faces": {
				"north": {"uv": [6.5, 9.5, 9.5, 10.25], "texture": "#0"},
				"east": {"uv": [9.5, 5, 12.75, 5.75], "texture": "#0"},
				"south": {"uv": [9.5, 6.5, 12.5, 7.25], "texture": "#0"},
				"west": {"uv": [9.5, 5.75, 12.75, 6.5], "texture": "#0"},
				"up": {"uv": [9.5, 3.25, 6.5, 0], "texture": "#0"},
				"down": {"uv": [9.5, 3.25, 6.5, 6.5], "texture": "#0"}
			}
		},
		{
			"from": [1, 0, 1],
			"to": [15, 1, 15],
			"faces": {
				"north": {"uv": [6.5, 10.25, 10, 10.5], "texture": "#0"},
				"east": {"uv": [10, 10.25, 13.5, 10.5], "texture": "#0"},
				"south": {"uv": [1, 10.5, 4.5, 10.75], "texture": "#0"},
				"west": {"uv": [4.5, 10.5, 8, 10.75], "texture": "#0"},
				"up": {"uv": [3.5, 3.5, 0, 0], "texture": "#0"},
				"down": {"uv": [3.5, 3.5, 0, 7], "texture": "#0"}
			}
		},
		{
			"from": [2, 1, 14],
			"to": [14, 5, 15],
			"rotation": {"angle": 0, "axis": "y", "origin": [0, 1, 0]},
			"faces": {
				"north": {"uv": [9.5, 3, 12.5, 4], "texture": "#0"},
				"east": {"uv": [5, 11.25, 5.25, 12.25], "texture": "#0"},
				"south": {"uv": [9.5, 4, 12.5, 5], "texture": "#0"},
				"west": {"uv": [5.25, 11.25, 5.5, 12.25], "texture": "#0"},
				"up": {"uv": [4, 11.25, 1, 11], "texture": "#0"},
				"down": {"uv": [10.75, 11, 7.75, 11.25], "texture": "#0"}
			}
		}
	],
	"display": {
		"thirdperson_righthand": {
			"translation": [0, 2, 0],
			"scale": [0.5, 0.5, 0.5]
		},
		"thirdperson_lefthand": {
			"translation": [0, 1.75, 0],
			"scale": [0.5, 0.5, 0.5]
		},
		"firstperson_righthand": {
			"rotation": [-180, 15.25, -180],
			"translation": [0, 1.5, 0]
		},
		"firstperson_lefthand": {
			"rotation": [-180, 15.25, -180],
			"translation": [0, 1.5, 0]
		},
		"ground": {
			"rotation": [90, 180, 0],
			"translation": [0, 4.25, 2]
		},
		"gui": {
			"rotation": [-132.75, 0, -180],
			"translation": [0, 1.75, 0]
		},
		"head": {
			"translation": [0, -12.89, 0],
			"scale": [2.3, 2.3, 2.3]
		},
		"fixed": {
			"rotation": [-90, 0, 0],
			"translation": [0, 0, -16],
			"scale": [2, 2, 2]
		}
	},
	"groups": [
		{
			"name": "counter",
			"origin": [8, 7, 3],
			"color": 0,
			"children": [0, 1, 2, 3, 4, 5, 6, 7, 8, 9, 10, 11, 12, 13, 14, 15, 16, 17, 18, 19, 20, 21, 22, 23, 24, 25, 26, 27, 28, 29]
		}
	]
}