{
	"credit": "Made with Blockbench",
	"texture_size": [128, 128],
	"textures": {
		"2": "furniturepack:frreo",
		"particle": "furniturepack:frreo"
	},
	"elements": [
		{
			"from": [1, 0, 1],
			"to": [2, 1, 3],
			"rotation": {"angle": 0, "axis": "y", "origin": [1, 0, 1]},
			"faces": {
				"north": {"uv": [7.25, 3.125, 7.375, 3.25], "texture": "#2"},
				"east": {"uv": [6.75, 3.125, 7, 3.25], "texture": "#2"},
				"south": {"uv": [0.75, 9.75, 0.875, 9.875], "texture": "#2"},
				"west": {"uv": [7, 3.125, 7.25, 3.25], "texture": "#2"},
				"up": {"uv": [7.375, 9.75, 7.25, 9.5], "texture": "#2"},
				"down": {"uv": [9.75, 3.25, 9.625, 3.5], "texture": "#2"}
			}
		},
		{
			"from": [14, 0, 1],
			"to": [15, 1, 3],
			"rotation": {"angle": 0, "axis": "y", "origin": [14, 0, 1]},
			"faces": {
				"north": {"uv": [0.875, 9.75, 1, 9.875], "texture": "#2"},
				"east": {"uv": [9.625, 3.5, 9.875, 3.625], "texture": "#2"},
				"south": {"uv": [1, 9.75, 1.125, 9.875], "texture": "#2"},
				"west": {"uv": [9.625, 3.625, 9.875, 3.75], "texture": "#2"},
				"up": {"uv": [9.75, 4, 9.625, 3.75], "texture": "#2"},
				"down": {"uv": [9.75, 4, 9.625, 4.25], "texture": "#2"}
			}
		},
		{
			"from": [14, 0, 13],
			"to": [15, 1, 15],
			"rotation": {"angle": 0, "axis": "y", "origin": [14, 0, 13]},
			"faces": {
				"north": {"uv": [1.125, 9.75, 1.25, 9.875], "texture": "#2"},
				"east": {"uv": [9.625, 4.25, 9.875, 4.375], "texture": "#2"},
				"south": {"uv": [1.25, 9.75, 1.375, 9.875], "texture": "#2"},
				"west": {"uv": [9.625, 4.375, 9.875, 4.5], "texture": "#2"},
				"up": {"uv": [9.75, 4.75, 9.625, 4.5], "texture": "#2"},
				"down": {"uv": [9.75, 4.75, 9.625, 5], "texture": "#2"}
			}
		},
		{
			"from": [1, 0, 13],
			"to": [2, 1, 15],
			"rotation": {"angle": 0, "axis": "y", "origin": [1, 0, 13]},
			"faces": {
				"north": {"uv": [1.375, 9.75, 1.5, 9.875], "texture": "#2"},
				"east": {"uv": [0, 9.75, 0.25, 9.875], "texture": "#2"},
				"south": {"uv": [1.5, 9.75, 1.625, 9.875], "texture": "#2"},
				"west": {"uv": [0.25, 9.75, 0.5, 9.875], "texture": "#2"},
				"up": {"uv": [0.625, 10, 0.5, 9.75], "texture": "#2"},
				"down": {"uv": [0.75, 9.75, 0.625, 10], "texture": "#2"}
			}
		},
		{
			"from": [0, 1, 0],
			"to": [16, 6, 16],
			"rotation": {"angle": 0, "axis": "y", "origin": [0, 1, 0]},
			"faces": {
				"north": {"uv": [7.625, 1.75, 9.625, 2.375], "texture": "#2"},
				"east": {"uv": [7.625, 2.375, 9.625, 3], "texture": "#2"},
				"south": {"uv": [9.125, 8.625, 11.125, 9.25], "texture": "#2"},
				"west": {"uv": [9.125, 9.25, 11.125, 9.875], "texture": "#2"},
				"up": {"uv": [3.75, 8.5, 1.75, 6.5], "texture": "#2"},
				"down": {"uv": [9.375, 3.125, 7.375, 5.125], "texture": "#2"}
			}
		},
		{
			"from": [1, 31, 0],
			"to": [15, 32, 15],
			"rotation": {"angle": 0, "axis": "y", "origin": [0, 26, 0]},
			"faces": {
				"north": {"uv": [9.375, 0.375, 11.125, 0.5], "texture": "#2"},
				"east": {"uv": [9.375, 0.125, 11.25, 0.25], "texture": "#2"},
				"south": {"uv": [9.375, 0.5, 11.125, 0.625], "texture": "#2"},
				"west": {"uv": [9.375, 0.25, 11.25, 0.375], "texture": "#2"},
				"up": {"uv": [5.5, 8.375, 3.75, 6.5], "texture": "#2"},
				"down": {"uv": [9.125, 5.125, 7.375, 7], "texture": "#2"}
			}
		},
		{
			"from": [1, 24, 1],
			"to": [7.5, 25, 15],
			"rotation": {"angle": 0, "axis": "y", "origin": [0, 19, 0]},
			"faces": {
				"north": {"uv": [5.875, 3.125, 6.75, 3.25], "texture": "#2"},
				"east": {"uv": [9.375, 0.625, 11.125, 0.75], "texture": "#2"},
				"south": {"uv": [9.625, 1.875, 10.5, 2], "texture": "#2"},
				"west": {"uv": [9.375, 0.75, 11.125, 0.875], "texture": "#2"},
				"up": {"uv": [8.25, 8.75, 7.375, 7], "texture": "#2"},
				"down": {"uv": [8.5, 0, 7.625, 1.75], "texture": "#2"}
			}
		},
		{
			"from": [1, 17, 1],
			"to": [7.5, 18, 15],
			"rotation": {"angle": 0, "axis": "y", "origin": [0, 12, 0]},
			"faces": {
				"north": {"uv": [9.625, 2, 10.5, 2.125], "texture": "#2"},
				"east": {"uv": [9.375, 0.875, 11.125, 1], "texture": "#2"},
				"south": {"uv": [9.625, 2.125, 10.5, 2.25], "texture": "#2"},
				"west": {"uv": [9.375, 1, 11.125, 1.125], "texture": "#2"},
				"up": {"uv": [9.125, 8.75, 8.25, 7], "texture": "#2"},
				"down": {"uv": [4.625, 8.375, 3.75, 10.125], "texture": "#2"}
			}
		},
		{
			"from": [1, 10, 1],
			"to": [7.5, 11, 15],
			"rotation": {"angle": 0, "axis": "y", "origin": [0, 5, 0]},
			"faces": {
				"north": {"uv": [9.625, 2.25, 10.5, 2.375], "texture": "#2"},
				"east": {"uv": [9.375, 1.125, 11.125, 1.25], "texture": "#2"},
				"south": {"uv": [9.625, 2.375, 10.5, 2.5], "texture": "#2"},
				"west": {"uv": [9.375, 1.25, 11.125, 1.375], "texture": "#2"},
				"up": {"uv": [5.5, 10.125, 4.625, 8.375], "texture": "#2"},
				"down": {"uv": [9.375, 0, 8.5, 1.75], "texture": "#2"}
			}
		},
		{
			"from": [8.5, 24, 1],
			"to": [15, 25, 15],
			"rotation": {"angle": 0, "axis": "y", "origin": [0, 19, 0]},
			"faces": {
				"north": {"uv": [9.625, 2.5, 10.5, 2.625], "texture": "#2"},
				"east": {"uv": [9.375, 1.375, 11.125, 1.5], "texture": "#2"},
				"south": {"uv": [9.625, 2.625, 10.5, 2.75], "texture": "#2"},
				"west": {"uv": [9.375, 1.5, 11.125, 1.625], "texture": "#2"},
				"up": {"uv": [2.625, 10.25, 1.75, 8.5], "texture": "#2"},
				"down": {"uv": [3.5, 8.5, 2.625, 10.25], "texture": "#2"}
			}
		},
		{
			"from": [8.5, 17, 1],
			"to": [15, 18, 15],
			"rotation": {"angle": 0, "axis": "y", "origin": [0, 12, 0]},
			"faces": {
				"north": {"uv": [9.625, 2.75, 10.5, 2.875], "texture": "#2"},
				"east": {"uv": [9.375, 1.625, 11.125, 1.75], "texture": "#2"},
				"south": {"uv": [9.625, 2.875, 10.5, 3], "texture": "#2"},
				"west": {"uv": [9.375, 5, 11.125, 5.125], "texture": "#2"},
				"up": {"uv": [8.25, 10.5, 7.375, 8.75], "texture": "#2"},
				"down": {"uv": [9.125, 8.75, 8.25, 10.5], "texture": "#2"}
			}
		},
		{
			"from": [8.5, 10, 1],
			"to": [15, 11, 15],
			"rotation": {"angle": 0, "axis": "y", "origin": [0, 5, 0]},
			"faces": {
				"north": {"uv": [9.625, 3, 10.5, 3.125], "texture": "#2"},
				"east": {"uv": [0, 9.625, 1.75, 9.75], "texture": "#2"},
				"south": {"uv": [9.625, 3.125, 10.5, 3.25], "texture": "#2"},
				"west": {"uv": [9.625, 1.75, 11.375, 1.875], "texture": "#2"},
				"up": {"uv": [10, 6.875, 9.125, 5.125], "texture": "#2"},
				"down": {"uv": [10, 6.875, 9.125, 8.625], "texture": "#2"}
			}
		},
		{
			"from": [7.5, 6, 1],
			"to": [8.5, 31, 15],
			"rotation": {"angle": 0, "axis": "y", "origin": [0, 19, 0]},
			"faces": {
				"north": {"uv": [6, 9.5, 6.125, 12.625], "texture": "#2"},
				"east": {"uv": [5.625, 6.375, 7.375, 9.5], "texture": "#2"},
				"south": {"uv": [6.125, 9.5, 6.25, 12.625], "texture": "#2"},
				"west": {"uv": [0, 6.5, 1.75, 9.625], "texture": "#2"},
				"up": {"uv": [6.625, 11.25, 6.5, 9.5], "texture": "#2"},
				"down": {"uv": [6.75, 9.5, 6.625, 11.25], "texture": "#2"}
			}
		},
		{
			"from": [0, 6, 15],
			"to": [16, 32, 16],
			"rotation": {"angle": 0, "axis": "y", "origin": [0, 6, 0]},
			"faces": {
				"north": {"uv": [0, 0, 2, 3.25], "texture": "#2"},
				"east": {"uv": [5.5, 6.5, 5.625, 9.75], "texture": "#2"},
				"south": {"uv": [2, 0, 4, 3.25], "texture": "#2"},
				"west": {"uv": [3.5, 8.5, 3.625, 11.75], "texture": "#2"},
				"up": {"uv": [9.625, 3.125, 7.625, 3], "texture": "#2"},
				"down": {"uv": [11.375, 0, 9.375, 0.125], "texture": "#2"}
			}
		},
		{
			"from": [15, 6, 0],
			"to": [16, 32, 15],
			"rotation": {"angle": 0, "axis": "y", "origin": [0, 6, 0]},
			"faces": {
				"north": {"uv": [3.625, 8.5, 3.75, 11.75], "texture": "#2"},
				"east": {"uv": [0, 3.25, 1.875, 6.5], "texture": "#2"},
				"south": {"uv": [5.625, 9.5, 5.75, 12.75], "texture": "#2"},
				"west": {"uv": [1.875, 3.25, 3.75, 6.5], "texture": "#2"},
				"up": {"uv": [9.5, 5, 9.375, 3.125], "texture": "#2"},
				"down": {"uv": [9.625, 3.125, 9.5, 5], "texture": "#2"}
			}
		},
		{
			"from": [0, 6, 0],
			"to": [1, 32, 15],
			"rotation": {"angle": 0, "axis": "y", "origin": [-15, 6, 0]},
			"faces": {
				"north": {"uv": [5.75, 9.5, 5.875, 12.75], "texture": "#2"},
				"east": {"uv": [3.75, 3.25, 5.625, 6.5], "texture": "#2"},
				"south": {"uv": [5.875, 9.5, 6, 12.75], "texture": "#2"},
				"west": {"uv": [4, 0, 5.875, 3.25], "texture": "#2"},
				"up": {"uv": [6.375, 11.375, 6.25, 9.5], "texture": "#2"},
				"down": {"uv": [6.5, 9.5, 6.375, 11.375], "texture": "#2"}
			}
		},
		{
			"from": [1, 6, -14],
			"to": [1, 31, 0],
			"rotation": {"angle": 0, "axis": "y", "origin": [1, 0, 1]},
			"faces": {
				"north": {"uv": [0, 0, 0, 3.125], "texture": "#2"},
				"east": {"uv": [5.875, 0, 7.625, 3.125], "texture": "#2"},
				"south": {"uv": [0, 0, 0, 3.125], "texture": "#2"},
				"west": {"uv": [5.625, 3.25, 7.375, 6.375], "texture": "#2"},
				"up": {"uv": [1.75, 0, 0, 0], "rotation": 270, "texture": "#2"},
				"down": {"uv": [1.75, 0, 0, 0], "rotation": 90, "texture": "#2"}
			}
		},
		{
			"from": [0.5, 14, -12],
			"to": [1, 19, -11],
			"rotation": {"angle": 0, "axis": "y", "origin": [1, 0, 1]},
			"faces": {
				"north": {"uv": [6.875, 9.5, 7, 10.125], "texture": "#2"},
				"east": {"uv": [7, 9.5, 7.125, 10.125], "texture": "#2"},
				"south": {"uv": [7.125, 9.5, 7.25, 10.125], "texture": "#2"},
				"west": {"uv": [6.75, 9.5, 6.875, 10.125], "texture": "#2"},
				"up": {"uv": [1.75, 9.875, 1.625, 9.75], "rotation": 270, "texture": "#2"},
				"down": {"uv": [9.875, 3.25, 9.75, 3.375], "rotation": 90, "texture": "#2"}
			}
		}
	],
	"display": {
		"thirdperson_righthand": {
			"scale": [0.5, 0.5, 0.5]
		},
		"thirdperson_lefthand": {
			"scale": [0.5, 0.5, 0.5]
		},
		"firstperson_righthand": {
			"rotation": [-180, 21, -180],
			"translation": [0, 4.25, 0],
			"scale": [0.3, 0.3, 0.3]
		},
		"firstperson_lefthand": {
			"rotation": [-180, 21, -180],
			"translation": [0, 4.25, 0],
			"scale": [0.3, 0.3, 0.3]
		},
		"gui": {
			"rotation": [0, 180, 0]
		},
		"head": {
			"rotation": [0, 180, 0],
			"translation": [0, -15.3, 0],
			"scale": [2, 2, 2]
		}
	},
	"groups": [
		{
			"name": "frre",
			"origin": [8, 8, 8],
			"color": 0,
			"children": [0, 1, 2, 3, 4, 5, 6, 7, 8, 9, 10, 11, 12, 13, 14, 15, 16, 17]
		}
	]
}