{
	"credit": "Made with Blockbench",
	"texture_size": [64, 64],
	"textures": {
		"0": "furniturepack:guide_middle",
		"particle": "furniturepack:guide_middle"
	},
	"elements": [
		{
			"from": [0, 0, 0],
			"to": [16, 0.2, 16],
			"faces": {
				"north": {"uv": [6.25, 0, 10.5, 0.25], "texture": "#0"},
				"east": {"uv": [6.25, 0.5, 10.25, 0.75], "texture": "#0"},
				"south": {"uv": [6.25, 0.25, 10.5, 0.5], "texture": "#0"},
				"west": {"uv": [6.25, 0.75, 10.25, 1], "texture": "#0"},
				"up": {"uv": [4.25, 4, 0, 0], "texture": "#0"},
				"down": {"uv": [4.25, 4, 0, 8], "texture": "#0"}
			}
		},
		{
			"from": [13, 0, 13],
			"to": [15, 0.4, 15],
			"rotation": {"angle": 0, "axis": "y", "origin": [12, 0, 0]},
			"faces": {
				"north": {"uv": [6.25, 4.5, 6.75, 4.75], "texture": "#0"},
				"east": {"uv": [6.25, 2.5, 9.75, 2.75], "texture": "#0"},
				"south": {"uv": [6.25, 4.75, 6.75, 5], "texture": "#0"},
				"west": {"uv": [6.25, 2.75, 9.75, 3], "texture": "#0"},
				"up": {"uv": [6.25, 3.5, 5.75, 0], "texture": "#0"},
				"down": {"uv": [6.25, 3.5, 5.75, 7], "texture": "#0"}
			}
		},
		{
			"from": [13, 0, 13],
			"to": [15, 0.4, 15],
			"rotation": {"angle": 0, "axis": "y", "origin": [12, 0, 0]},
			"faces": {
				"north": {"uv": [6.25, 4.5, 6.75, 4.75], "texture": "#0"},
				"east": {"uv": [6.25, 2.5, 9.75, 2.75], "texture": "#0"},
				"south": {"uv": [6.25, 4.75, 6.75, 5], "texture": "#0"},
				"west": {"uv": [6.25, 2.75, 9.75, 3], "texture": "#0"},
				"up": {"uv": [6.25, 3.5, 5.75, 0], "texture": "#0"},
				"down": {"uv": [6.25, 3.5, 5.75, 7], "texture": "#0"}
			}
		},
		{
			"from": [13, 0, 10],
			"to": [15, 0.4, 12],
			"rotation": {"angle": 0, "axis": "y", "origin": [12, 0, -3]},
			"faces": {
				"north": {"uv": [6.25, 4.5, 6.75, 4.75], "texture": "#0"},
				"east": {"uv": [6.25, 2.5, 9.75, 2.75], "texture": "#0"},
				"south": {"uv": [6.25, 4.75, 6.75, 5], "texture": "#0"},
				"west": {"uv": [6.25, 2.75, 9.75, 3], "texture": "#0"},
				"up": {"uv": [6.25, 3.5, 5.75, 0], "texture": "#0"},
				"down": {"uv": [6.25, 3.5, 5.75, 7], "texture": "#0"}
			}
		},
		{
			"from": [13, 0, 7],
			"to": [15, 0.4, 9],
			"rotation": {"angle": 0, "axis": "y", "origin": [12, 0, -6]},
			"faces": {
				"north": {"uv": [6.25, 4.5, 6.75, 4.75], "texture": "#0"},
				"east": {"uv": [6.25, 2.5, 9.75, 2.75], "texture": "#0"},
				"south": {"uv": [6.25, 4.75, 6.75, 5], "texture": "#0"},
				"west": {"uv": [6.25, 2.75, 9.75, 3], "texture": "#0"},
				"up": {"uv": [6.25, 3.5, 5.75, 0], "texture": "#0"},
				"down": {"uv": [6.25, 3.5, 5.75, 7], "texture": "#0"}
			}
		},
		{
			"from": [13, 0, 4],
			"to": [15, 0.4, 6],
			"rotation": {"angle": 0, "axis": "y", "origin": [12, 0, -9]},
			"faces": {
				"north": {"uv": [6.25, 4.5, 6.75, 4.75], "texture": "#0"},
				"east": {"uv": [6.25, 2.5, 9.75, 2.75], "texture": "#0"},
				"south": {"uv": [6.25, 4.75, 6.75, 5], "texture": "#0"},
				"west": {"uv": [6.25, 2.75, 9.75, 3], "texture": "#0"},
				"up": {"uv": [6.25, 3.5, 5.75, 0], "texture": "#0"},
				"down": {"uv": [6.25, 3.5, 5.75, 7], "texture": "#0"}
			}
		},
		{
			"from": [13, 0, 1],
			"to": [15, 0.4, 3],
			"rotation": {"angle": 0, "axis": "y", "origin": [12, 0, -12]},
			"faces": {
				"north": {"uv": [6.25, 4.5, 6.75, 4.75], "texture": "#0"},
				"east": {"uv": [6.25, 2.5, 9.75, 2.75], "texture": "#0"},
				"south": {"uv": [6.25, 4.75, 6.75, 5], "texture": "#0"},
				"west": {"uv": [6.25, 2.75, 9.75, 3], "texture": "#0"},
				"up": {"uv": [6.25, 3.5, 5.75, 0], "texture": "#0"},
				"down": {"uv": [6.25, 3.5, 5.75, 7], "texture": "#0"}
			}
		},
		{
			"from": [10, 0, 13],
			"to": [12, 0.4, 15],
			"rotation": {"angle": 0, "axis": "y", "origin": [9, 0, 0]},
			"faces": {
				"north": {"uv": [6.25, 4.5, 6.75, 4.75], "texture": "#0"},
				"east": {"uv": [6.25, 2.5, 9.75, 2.75], "texture": "#0"},
				"south": {"uv": [6.25, 4.75, 6.75, 5], "texture": "#0"},
				"west": {"uv": [6.25, 2.75, 9.75, 3], "texture": "#0"},
				"up": {"uv": [6.25, 3.5, 5.75, 0], "texture": "#0"},
				"down": {"uv": [6.25, 3.5, 5.75, 7], "texture": "#0"}
			}
		},
		{
			"from": [10, 0, 10],
			"to": [12, 0.4, 12],
			"rotation": {"angle": 0, "axis": "y", "origin": [9, 0, -3]},
			"faces": {
				"north": {"uv": [6.25, 4.5, 6.75, 4.75], "texture": "#0"},
				"east": {"uv": [6.25, 2.5, 9.75, 2.75], "texture": "#0"},
				"south": {"uv": [6.25, 4.75, 6.75, 5], "texture": "#0"},
				"west": {"uv": [6.25, 2.75, 9.75, 3], "texture": "#0"},
				"up": {"uv": [6.25, 3.5, 5.75, 0], "texture": "#0"},
				"down": {"uv": [6.25, 3.5, 5.75, 7], "texture": "#0"}
			}
		},
		{
			"from": [10, 0, 7],
			"to": [12, 0.4, 9],
			"rotation": {"angle": 0, "axis": "y", "origin": [9, 0, -6]},
			"faces": {
				"north": {"uv": [6.25, 4.5, 6.75, 4.75], "texture": "#0"},
				"east": {"uv": [6.25, 2.5, 9.75, 2.75], "texture": "#0"},
				"south": {"uv": [6.25, 4.75, 6.75, 5], "texture": "#0"},
				"west": {"uv": [6.25, 2.75, 9.75, 3], "texture": "#0"},
				"up": {"uv": [6.25, 3.5, 5.75, 0], "texture": "#0"},
				"down": {"uv": [6.25, 3.5, 5.75, 7], "texture": "#0"}
			}
		},
		{
			"from": [10, 0, 4],
			"to": [12, 0.4, 6],
			"rotation": {"angle": 0, "axis": "y", "origin": [9, 0, -9]},
			"faces": {
				"north": {"uv": [6.25, 4.5, 6.75, 4.75], "texture": "#0"},
				"east": {"uv": [6.25, 2.5, 9.75, 2.75], "texture": "#0"},
				"south": {"uv": [6.25, 4.75, 6.75, 5], "texture": "#0"},
				"west": {"uv": [6.25, 2.75, 9.75, 3], "texture": "#0"},
				"up": {"uv": [6.25, 3.5, 5.75, 0], "texture": "#0"},
				"down": {"uv": [6.25, 3.5, 5.75, 7], "texture": "#0"}
			}
		},
		{
			"from": [10, 0, 1],
			"to": [12, 0.4, 3],
			"rotation": {"angle": 0, "axis": "y", "origin": [9, 0, -12]},
			"faces": {
				"north": {"uv": [6.25, 4.5, 6.75, 4.75], "texture": "#0"},
				"east": {"uv": [6.25, 2.5, 9.75, 2.75], "texture": "#0"},
				"south": {"uv": [6.25, 4.75, 6.75, 5], "texture": "#0"},
				"west": {"uv": [6.25, 2.75, 9.75, 3], "texture": "#0"},
				"up": {"uv": [6.25, 3.5, 5.75, 0], "texture": "#0"},
				"down": {"uv": [6.25, 3.5, 5.75, 7], "texture": "#0"}
			}
		},
		{
			"from": [7.1, 0, 13],
			"to": [9.1, 0.4, 15],
			"rotation": {"angle": 0, "axis": "y", "origin": [6.1, 0, 0]},
			"faces": {
				"north": {"uv": [6.25, 4.5, 6.75, 4.75], "texture": "#0"},
				"east": {"uv": [6.25, 2.5, 9.75, 2.75], "texture": "#0"},
				"south": {"uv": [6.25, 4.75, 6.75, 5], "texture": "#0"},
				"west": {"uv": [6.25, 2.75, 9.75, 3], "texture": "#0"},
				"up": {"uv": [6.25, 3.5, 5.75, 0], "texture": "#0"},
				"down": {"uv": [6.25, 3.5, 5.75, 7], "texture": "#0"}
			}
		},
		{
			"from": [7.1, 0, 10],
			"to": [9.1, 0.4, 12],
			"rotation": {"angle": 0, "axis": "y", "origin": [6.1, 0, -3]},
			"faces": {
				"north": {"uv": [6.25, 4.5, 6.75, 4.75], "texture": "#0"},
				"east": {"uv": [6.25, 2.5, 9.75, 2.75], "texture": "#0"},
				"south": {"uv": [6.25, 4.75, 6.75, 5], "texture": "#0"},
				"west": {"uv": [6.25, 2.75, 9.75, 3], "texture": "#0"},
				"up": {"uv": [6.25, 3.5, 5.75, 0], "texture": "#0"},
				"down": {"uv": [6.25, 3.5, 5.75, 7], "texture": "#0"}
			}
		},
		{
			"from": [7.1, 0, 7],
			"to": [9.1, 0.4, 9],
			"rotation": {"angle": 0, "axis": "y", "origin": [6.1, 0, -6]},
			"faces": {
				"north": {"uv": [6.25, 4.5, 6.75, 4.75], "texture": "#0"},
				"east": {"uv": [6.25, 2.5, 9.75, 2.75], "texture": "#0"},
				"south": {"uv": [6.25, 4.75, 6.75, 5], "texture": "#0"},
				"west": {"uv": [6.25, 2.75, 9.75, 3], "texture": "#0"},
				"up": {"uv": [6.25, 3.5, 5.75, 0], "texture": "#0"},
				"down": {"uv": [6.25, 3.5, 5.75, 7], "texture": "#0"}
			}
		},
		{
			"from": [7.1, 0, 4],
			"to": [9.1, 0.4, 6],
			"rotation": {"angle": 0, "axis": "y", "origin": [6.1, 0, -9]},
			"faces": {
				"north": {"uv": [6.25, 4.5, 6.75, 4.75], "texture": "#0"},
				"east": {"uv": [6.25, 2.5, 9.75, 2.75], "texture": "#0"},
				"south": {"uv": [6.25, 4.75, 6.75, 5], "texture": "#0"},
				"west": {"uv": [6.25, 2.75, 9.75, 3], "texture": "#0"},
				"up": {"uv": [6.25, 3.5, 5.75, 0], "texture": "#0"},
				"down": {"uv": [6.25, 3.5, 5.75, 7], "texture": "#0"}
			}
		},
		{
			"from": [7.1, 0, 1],
			"to": [9.1, 0.4, 3],
			"rotation": {"angle": 0, "axis": "y", "origin": [6.1, 0, -12]},
			"faces": {
				"north": {"uv": [6.25, 4.5, 6.75, 4.75], "texture": "#0"},
				"east": {"uv": [6.25, 2.5, 9.75, 2.75], "texture": "#0"},
				"south": {"uv": [6.25, 4.75, 6.75, 5], "texture": "#0"},
				"west": {"uv": [6.25, 2.75, 9.75, 3], "texture": "#0"},
				"up": {"uv": [6.25, 3.5, 5.75, 0], "texture": "#0"},
				"down": {"uv": [6.25, 3.5, 5.75, 7], "texture": "#0"}
			}
		},
		{
			"from": [4.1, 0, 13],
			"to": [6.1, 0.4, 15],
			"rotation": {"angle": 0, "axis": "y", "origin": [3.1, 0, 0]},
			"faces": {
				"north": {"uv": [6.25, 4.5, 6.75, 4.75], "texture": "#0"},
				"east": {"uv": [6.25, 2.5, 9.75, 2.75], "texture": "#0"},
				"south": {"uv": [6.25, 4.75, 6.75, 5], "texture": "#0"},
				"west": {"uv": [6.25, 2.75, 9.75, 3], "texture": "#0"},
				"up": {"uv": [6.25, 3.5, 5.75, 0], "texture": "#0"},
				"down": {"uv": [6.25, 3.5, 5.75, 7], "texture": "#0"}
			}
		},
		{
			"from": [4.1, 0, 10],
			"to": [6.1, 0.4, 12],
			"rotation": {"angle": 0, "axis": "y", "origin": [3.1, 0, -3]},
			"faces": {
				"north": {"uv": [6.25, 4.5, 6.75, 4.75], "texture": "#0"},
				"east": {"uv": [6.25, 2.5, 9.75, 2.75], "texture": "#0"},
				"south": {"uv": [6.25, 4.75, 6.75, 5], "texture": "#0"},
				"west": {"uv": [6.25, 2.75, 9.75, 3], "texture": "#0"},
				"up": {"uv": [6.25, 3.5, 5.75, 0], "texture": "#0"},
				"down": {"uv": [6.25, 3.5, 5.75, 7], "texture": "#0"}
			}
		},
		{
			"from": [4.1, 0, 7],
			"to": [6.1, 0.4, 9],
			"rotation": {"angle": 0, "axis": "y", "origin": [3.1, 0, -6]},
			"faces": {
				"north": {"uv": [6.25, 4.5, 6.75, 4.75], "texture": "#0"},
				"east": {"uv": [6.25, 2.5, 9.75, 2.75], "texture": "#0"},
				"south": {"uv": [6.25, 4.75, 6.75, 5], "texture": "#0"},
				"west": {"uv": [6.25, 2.75, 9.75, 3], "texture": "#0"},
				"up": {"uv": [6.25, 3.5, 5.75, 0], "texture": "#0"},
				"down": {"uv": [6.25, 3.5, 5.75, 7], "texture": "#0"}
			}
		},
		{
			"from": [4.1, 0, 4],
			"to": [6.1, 0.4, 6],
			"rotation": {"angle": 0, "axis": "y", "origin": [3.1, 0, -9]},
			"faces": {
				"north": {"uv": [6.25, 4.5, 6.75, 4.75], "texture": "#0"},
				"east": {"uv": [6.25, 2.5, 9.75, 2.75], "texture": "#0"},
				"south": {"uv": [6.25, 4.75, 6.75, 5], "texture": "#0"},
				"west": {"uv": [6.25, 2.75, 9.75, 3], "texture": "#0"},
				"up": {"uv": [6.25, 3.5, 5.75, 0], "texture": "#0"},
				"down": {"uv": [6.25, 3.5, 5.75, 7], "texture": "#0"}
			}
		},
		{
			"from": [4.1, 0, 1],
			"to": [6.1, 0.4, 3],
			"rotation": {"angle": 0, "axis": "y", "origin": [3.1, 0, -12]},
			"faces": {
				"north": {"uv": [6.25, 4.5, 6.75, 4.75], "texture": "#0"},
				"east": {"uv": [6.25, 2.5, 9.75, 2.75], "texture": "#0"},
				"south": {"uv": [6.25, 4.75, 6.75, 5], "texture": "#0"},
				"west": {"uv": [6.25, 2.75, 9.75, 3], "texture": "#0"},
				"up": {"uv": [6.25, 3.5, 5.75, 0], "texture": "#0"},
				"down": {"uv": [6.25, 3.5, 5.75, 7], "texture": "#0"}
			}
		},
		{
			"from": [1.1, 0, 13],
			"to": [3.1, 0.4, 15],
			"rotation": {"angle": 0, "axis": "y", "origin": [0.1, 0, 0]},
			"faces": {
				"north": {"uv": [6.25, 4.5, 6.75, 4.75], "texture": "#0"},
				"east": {"uv": [6.25, 2.5, 9.75, 2.75], "texture": "#0"},
				"south": {"uv": [6.25, 4.75, 6.75, 5], "texture": "#0"},
				"west": {"uv": [6.25, 2.75, 9.75, 3], "texture": "#0"},
				"up": {"uv": [6.25, 3.5, 5.75, 0], "texture": "#0"},
				"down": {"uv": [6.25, 3.5, 5.75, 7], "texture": "#0"}
			}
		},
		{
			"from": [1.1, 0, 10],
			"to": [3.1, 0.4, 12],
			"rotation": {"angle": 0, "axis": "y", "origin": [0.1, 0, -3]},
			"faces": {
				"north": {"uv": [6.25, 4.5, 6.75, 4.75], "texture": "#0"},
				"east": {"uv": [6.25, 2.5, 9.75, 2.75], "texture": "#0"},
				"south": {"uv": [6.25, 4.75, 6.75, 5], "texture": "#0"},
				"west": {"uv": [6.25, 2.75, 9.75, 3], "texture": "#0"},
				"up": {"uv": [6.25, 3.5, 5.75, 0], "texture": "#0"},
				"down": {"uv": [6.25, 3.5, 5.75, 7], "texture": "#0"}
			}
		},
		{
			"from": [1.1, 0, 7],
			"to": [3.1, 0.4, 9],
			"rotation": {"angle": 0, "axis": "y", "origin": [0.1, 0, -6]},
			"faces": {
				"north": {"uv": [6.25, 4.5, 6.75, 4.75], "texture": "#0"},
				"east": {"uv": [6.25, 2.5, 9.75, 2.75], "texture": "#0"},
				"south": {"uv": [6.25, 4.75, 6.75, 5], "texture": "#0"},
				"west": {"uv": [6.25, 2.75, 9.75, 3], "texture": "#0"},
				"up": {"uv": [6.25, 3.5, 5.75, 0], "texture": "#0"},
				"down": {"uv": [6.25, 3.5, 5.75, 7], "texture": "#0"}
			}
		},
		{
			"from": [1.1, 0, 4],
			"to": [3.1, 0.4, 6],
			"rotation": {"angle": 0, "axis": "y", "origin": [0.1, 0, -9]},
			"faces": {
				"north": {"uv": [6.25, 4.5, 6.75, 4.75], "texture": "#0"},
				"east": {"uv": [6.25, 2.5, 9.75, 2.75], "texture": "#0"},
				"south": {"uv": [6.25, 4.75, 6.75, 5], "texture": "#0"},
				"west": {"uv": [6.25, 2.75, 9.75, 3], "texture": "#0"},
				"up": {"uv": [6.25, 3.5, 5.75, 0], "texture": "#0"},
				"down": {"uv": [6.25, 3.5, 5.75, 7], "texture": "#0"}
			}
		},
		{
			"from": [1.1, 0, 1],
			"to": [3.1, 0.4, 3],
			"rotation": {"angle": 0, "axis": "y", "origin": [0.1, 0, -12]},
			"faces": {
				"north": {"uv": [6.25, 4.5, 6.75, 4.75], "texture": "#0"},
				"east": {"uv": [6.25, 2.5, 9.75, 2.75], "texture": "#0"},
				"south": {"uv": [6.25, 4.75, 6.75, 5], "texture": "#0"},
				"west": {"uv": [6.25, 2.75, 9.75, 3], "texture": "#0"},
				"up": {"uv": [6.25, 3.5, 5.75, 0], "texture": "#0"},
				"down": {"uv": [6.25, 3.5, 5.75, 7], "texture": "#0"}
			}
		}
	],
	"display": {
		"thirdperson_righthand": {
			"translation": [0, 4, 0],
			"scale": [0.5, 0.5, 0.5]
		},
		"thirdperson_lefthand": {
			"translation": [0, 4, 0],
			"scale": [0.5, 0.5, 0.5]
		},
		"firstperson_righthand": {
			"translation": [0, 10, 0]
		},
		"firstperson_lefthand": {
			"translation": [0, 10, 0]
		},
		"ground": {
			"translation": [0, 2.25, 0],
			"scale": [0.5, 0.5, 0.5]
		},
		"gui": {
			"rotation": [90, 0, 0]
		},
		"head": {
			"translation": [0, 14.25, 0]
		},
		"fixed": {
			"rotation": [-90, 0, 0],
			"translation": [0, 0, -16],
			"scale": [2, 2, 2]
		}
	},
	"groups": [
		{
			"name": "guide_middle",
			"origin": [0, 0, 0],
			"color": 0,
			"children": [0, 1, 2, 3, 4, 5, 6, 7, 8, 9, 10, 11, 12, 13, 14, 15, 16, 17, 18, 19, 20, 21, 22, 23, 24, 25, 26]
		}
	]
}