{
  "credit": "Made with Blockbench",
  "texture_size": [32, 32],
  "textures": {
    "0": "furniturepack:lamp",
    "particle": "furniturepack:lamp"
  },
  "elements": [
    {
      "from": [4, 0, 4],
      "to": [12, 2, 12],
      "faces": {
        "north": { "uv": [9, 9, 13, 10], "texture": "#0" },
        "east": { "uv": [9, 10, 13, 11], "texture": "#0" },
        "south": { "uv": [0, 11, 4, 12], "texture": "#0" },
        "west": { "uv": [11, 0, 15, 1], "texture": "#0" },
        "up": { "uv": [4, 4, 0, 0], "texture": "#0" },
        "down": { "uv": [4, 4, 0, 8], "texture": "#0" }
      }
    },
    {
      "from": [4, 8, 4],
      "to": [12, 10, 12],
      "faces": {
        "north": { "uv": [11, 1, 15, 2], "texture": "#0" },
        "east": { "uv": [11, 2, 15, 3], "texture": "#0" },
        "south": { "uv": [11, 3, 15, 4], "texture": "#0" },
        "west": { "uv": [4, 11, 8, 12], "texture": "#0" },
        "up": { "uv": [8, 4, 4, 0], "texture": "#0" },
        "down": { "uv": [8, 4, 4, 8], "texture": "#0" }
      }
    },
    {
      "from": [6, 10, 7],
      "to": [10, 13, 9],
      "faces": {
        "north": { "uv": [11, 4, 13, 5.5], "texture": "#0" },
        "east": { "uv": [8, 6, 9, 7.5], "texture": "#0" },
        "south": { "uv": [8, 11, 10, 12.5], "texture": "#0" },
        "west": { "uv": [2, 12, 3, 13.5], "texture": "#0" },
        "up": { "uv": [12, 12, 10, 11], "texture": "#0" },
        "down": { "uv": [2, 12, 0, 13], "texture": "#0" }
      }
    },
    {
      "from": [5, 2, 5],
      "to": [11, 8, 11],
      "faces": {
        "north": { "uv": [0, 8, 3, 11], "texture": "#0" },
        "east": { "uv": [8, 0, 11, 3], "texture": "#0" },
        "south": { "uv": [3, 8, 6, 11], "texture": "#0" },
        "west": { "uv": [8, 3, 11, 6], "texture": "#0" },
        "up": { "uv": [9, 11, 6, 8], "texture": "#0" },
        "down": { "uv": [12, 6, 9, 9], "texture": "#0" }
      }
    }
  ],
  "display": {
    "thirdperson_righthand": {
      "rotation": [75, 45, 0],
      "translation": [0, 2, 0],
      "scale": [0.375, 0.375, 0.375]
    },
    "thirdperson_lefthand": {
      "rotation": [75, 45, 0],
      "translation": [0, 2, 0],
      "scale": [0.375, 0.375, 0.375]
    },
    "firstperson_righthand": {
      "rotation": [0, 45, 0],
      "translation": [0, 3, 0],
      "scale": [0.4, 0.4, 0.4]
    },
    "firstperson_lefthand": {
      "rotation": [0, 225, 0],
      "translation": [0, 3, 0],
      "scale": [0.4, 0.4, 0.4]
    },
    "ground": {
      "translation": [0, 3, 0],
      "scale": [0.5, 0.5, 0.5]
    },
    "gui": {
      "rotation": [30, 225, 0],
      "translation": [0, 2, 0]
    },
    "head": {
      "translation": [0, -30.45, 0],
      "scale": [1.6, 1.6, 1.6]
    },
    "fixed": {
      "rotation": [-90, 0, 0],
      "translation": [0, 0, -13],
      "scale": [1.6, 1.6, 1.6]
    }
  },
  "groups": [
    {
      "name": "group",
      "origin": [0, 0, 0],
      "color": 0,
      "children": [0, 1, 2, 3]
    }
  ]
}
