{
	"credit": "Made with Blockbench",
	"texture_size": [64, 64],
	"textures": {
		"1": "furniturepack:left_bencht"
	},
	"elements": [
		{
			"from": [14, 13, 2],
			"to": [16, 15, 14],
			"rotation": {"angle": 0, "axis": "y", "origin": [14, 13, 2]},
			"faces": {
				"north": {"uv": [10, 4.5, 10.5, 5], "texture": "#1"},
				"east": {"uv": [8, 5.25, 11, 5.75], "texture": "#1"},
				"south": {"uv": [10.5, 4.5, 11, 5], "texture": "#1"},
				"west": {"uv": [10, 2, 13, 2.5], "texture": "#1"},
				"up": {"uv": [1.5, 12.75, 1, 9.75], "texture": "#1"},
				"down": {"uv": [2, 9.75, 1.5, 12.75], "texture": "#1"}
			}
		},
		{
			"from": [14, 9, 0],
			"to": [16, 15, 2],
			"rotation": {"angle": 0, "axis": "y", "origin": [14, 9, 0]},
			"faces": {
				"north": {"uv": [5, 11.5, 5.5, 13], "texture": "#1"},
				"east": {"uv": [5.5, 11.5, 6, 13], "texture": "#1"},
				"south": {"uv": [6, 11.5, 6.5, 13], "texture": "#1"},
				"west": {"uv": [6.5, 11.5, 7, 13], "texture": "#1"},
				"up": {"uv": [12.25, 8, 11.75, 7.5], "texture": "#1"},
				"down": {"uv": [12.25, 8, 11.75, 8.5], "texture": "#1"}
			}
		},
		{
			"from": [0, 7, 2],
			"to": [1, 8, 14],
			"rotation": {"angle": 0, "axis": "y", "origin": [0, 6, 0]},
			"faces": {
				"north": {"uv": [12.25, 8.75, 12.5, 9], "texture": "#1"},
				"east": {"uv": [7, 11.5, 10, 11.75], "texture": "#1"},
				"south": {"uv": [9, 12.25, 9.25, 12.5], "texture": "#1"},
				"west": {"uv": [11.5, 7, 14.5, 7.25], "texture": "#1"},
				"up": {"uv": [11.75, 10.25, 11.5, 7.25], "texture": "#1"},
				"down": {"uv": [11.75, 10.25, 11.5, 13.25], "texture": "#1"}
			}
		},
		{
			"from": [14, 7, 2],
			"to": [16, 8, 14],
			"rotation": {"angle": 0, "axis": "y", "origin": [14, 6, 0]},
			"faces": {
				"north": {"uv": [10, 5, 10.5, 5.25], "texture": "#1"},
				"east": {"uv": [7, 11.75, 10, 12], "texture": "#1"},
				"south": {"uv": [10.5, 5, 11, 5.25], "texture": "#1"},
				"west": {"uv": [11.75, 7.25, 14.75, 7.5], "texture": "#1"},
				"up": {"uv": [10.5, 8.75, 10, 5.75], "texture": "#1"},
				"down": {"uv": [10.5, 8.75, 10, 11.75], "texture": "#1"}
			}
		},
		{
			"from": [0, 21, 14],
			"to": [16, 23, 16],
			"rotation": {"angle": 0, "axis": "y", "origin": [0, 21, 14]},
			"faces": {
				"north": {"uv": [2, 5.75, 6, 6.25], "texture": "#1"},
				"east": {"uv": [11.75, 8.5, 12.25, 9], "texture": "#1"},
				"south": {"uv": [6, 5.75, 10, 6.25], "texture": "#1"},
				"west": {"uv": [11.75, 9, 12.25, 9.5], "texture": "#1"},
				"up": {"uv": [6, 6.75, 2, 6.25], "texture": "#1"},
				"down": {"uv": [10, 6.25, 6, 6.75], "texture": "#1"}
			}
		},
		{
			"from": [0, 8, 14],
			"to": [2, 21, 16],
			"rotation": {"angle": 0, "axis": "y", "origin": [-14, 12, 14]},
			"faces": {
				"north": {"uv": [8, 2, 8.5, 5.25], "texture": "#1"},
				"east": {"uv": [2, 8.25, 2.5, 11.5], "texture": "#1"},
				"south": {"uv": [2.5, 8.25, 3, 11.5], "texture": "#1"},
				"west": {"uv": [3, 8.25, 3.5, 11.5], "texture": "#1"},
				"up": {"uv": [12.25, 10, 11.75, 9.5], "texture": "#1"},
				"down": {"uv": [10.5, 11.75, 10, 12.25], "texture": "#1"}
			}
		},
		{
			"from": [3.5, 8, 14],
			"to": [5.5, 21, 16],
			"rotation": {"angle": 0, "axis": "y", "origin": [-10, 12, 14]},
			"faces": {
				"north": {"uv": [3.5, 8.25, 4, 11.5], "texture": "#1"},
				"east": {"uv": [4, 8.25, 4.5, 11.5], "texture": "#1"},
				"south": {"uv": [4.5, 8.25, 5, 11.5], "texture": "#1"},
				"west": {"uv": [5, 8.25, 5.5, 11.5], "texture": "#1"},
				"up": {"uv": [12.25, 10.5, 11.75, 10], "texture": "#1"},
				"down": {"uv": [11, 11.75, 10.5, 12.25], "texture": "#1"}
			}
		},
		{
			"from": [7, 8, 14],
			"to": [9, 21, 16],
			"rotation": {"angle": 0, "axis": "y", "origin": [-7, 12, 14]},
			"faces": {
				"north": {"uv": [5.5, 8.25, 6, 11.5], "texture": "#1"},
				"east": {"uv": [6, 8.25, 6.5, 11.5], "texture": "#1"},
				"south": {"uv": [6.5, 8.25, 7, 11.5], "texture": "#1"},
				"west": {"uv": [7, 8.25, 7.5, 11.5], "texture": "#1"},
				"up": {"uv": [12.25, 11, 11.75, 10.5], "texture": "#1"},
				"down": {"uv": [12.25, 11, 11.75, 11.5], "texture": "#1"}
			}
		},
		{
			"from": [10.5, 8, 14],
			"to": [12.5, 21, 16],
			"rotation": {"angle": 0, "axis": "y", "origin": [-3, 12, 14]},
			"faces": {
				"north": {"uv": [7.5, 8.25, 8, 11.5], "texture": "#1"},
				"east": {"uv": [8, 8.25, 8.5, 11.5], "texture": "#1"},
				"south": {"uv": [8.5, 2, 9, 5.25], "texture": "#1"},
				"west": {"uv": [8.5, 8.25, 9, 11.5], "texture": "#1"},
				"up": {"uv": [12.25, 12, 11.75, 11.5], "texture": "#1"},
				"down": {"uv": [12.5, 0, 12, 0.5], "texture": "#1"}
			}
		},
		{
			"from": [14, 8, 14],
			"to": [16, 21, 16],
			"rotation": {"angle": 0, "axis": "y", "origin": [0, 12, 14]},
			"faces": {
				"north": {"uv": [9, 2, 9.5, 5.25], "texture": "#1"},
				"east": {"uv": [9, 8.25, 9.5, 11.5], "texture": "#1"},
				"south": {"uv": [9.5, 2, 10, 5.25], "texture": "#1"},
				"west": {"uv": [9.5, 8.25, 10, 11.5], "texture": "#1"},
				"up": {"uv": [12.5, 1, 12, 0.5], "texture": "#1"},
				"down": {"uv": [12.5, 1, 12, 1.5], "texture": "#1"}
			}
		},
		{
			"from": [0, 8, 12],
			"to": [16, 9, 14],
			"rotation": {"angle": 0, "axis": "y", "origin": [0, 8, 12]},
			"faces": {
				"north": {"uv": [10, 2.5, 14, 2.75], "texture": "#1"},
				"east": {"uv": [8.5, 12, 9, 12.25], "texture": "#1"},
				"south": {"uv": [10, 2.75, 14, 3], "texture": "#1"},
				"west": {"uv": [9, 12, 9.5, 12.25], "texture": "#1"},
				"up": {"uv": [6, 7.25, 2, 6.75], "texture": "#1"},
				"down": {"uv": [10, 6.75, 6, 7.25], "texture": "#1"}
			}
		},
		{
			"from": [0, 8, 9],
			"to": [16, 9, 11],
			"rotation": {"angle": 0, "axis": "y", "origin": [0, 8, 9]},
			"faces": {
				"north": {"uv": [10, 3, 14, 3.25], "texture": "#1"},
				"east": {"uv": [9.5, 12, 10, 12.25], "texture": "#1"},
				"south": {"uv": [10, 3.25, 14, 3.5], "texture": "#1"},
				"west": {"uv": [11.75, 12, 12.25, 12.25], "texture": "#1"},
				"up": {"uv": [6, 7.75, 2, 7.25], "texture": "#1"},
				"down": {"uv": [10, 7.25, 6, 7.75], "texture": "#1"}
			}
		},
		{
			"from": [0, 8, 3],
			"to": [16, 9, 5],
			"rotation": {"angle": 0, "axis": "y", "origin": [0, 8, 3]},
			"faces": {
				"north": {"uv": [10, 3.5, 14, 3.75], "texture": "#1"},
				"east": {"uv": [12.25, 7.5, 12.75, 7.75], "texture": "#1"},
				"south": {"uv": [10, 3.75, 14, 4], "texture": "#1"},
				"west": {"uv": [12.25, 7.75, 12.75, 8], "texture": "#1"},
				"up": {"uv": [6, 8.25, 2, 7.75], "texture": "#1"},
				"down": {"uv": [10, 7.75, 6, 8.25], "texture": "#1"}
			}
		},
		{
			"from": [0, 8, 6],
			"to": [16, 9, 8],
			"rotation": {"angle": 0, "axis": "y", "origin": [0, 8, 6]},
			"faces": {
				"north": {"uv": [10, 4, 14, 4.25], "texture": "#1"},
				"east": {"uv": [12.25, 8, 12.75, 8.25], "texture": "#1"},
				"south": {"uv": [10, 4.25, 14, 4.5], "texture": "#1"},
				"west": {"uv": [12.25, 8.25, 12.75, 8.5], "texture": "#1"},
				"up": {"uv": [12, 0.5, 8, 0], "texture": "#1"},
				"down": {"uv": [12, 0.5, 8, 1], "texture": "#1"}
			}
		},
		{
			"from": [14, 0, 14],
			"to": [16, 8, 16],
			"rotation": {"angle": 0, "axis": "y", "origin": [14, 0, 14]},
			"faces": {
				"north": {"uv": [10.5, 5.75, 11, 7.75], "texture": "#1"},
				"east": {"uv": [10.5, 7.75, 11, 9.75], "texture": "#1"},
				"south": {"uv": [10.5, 9.75, 11, 11.75], "texture": "#1"},
				"west": {"uv": [11, 4.5, 11.5, 6.5], "texture": "#1"},
				"up": {"uv": [12.5, 2, 12, 1.5], "texture": "#1"},
				"down": {"uv": [12.5, 4.5, 12, 5], "texture": "#1"}
			}
		},
		{
			"from": [0, 8, 0],
			"to": [16, 9, 2],
			"rotation": {"angle": 0, "axis": "y", "origin": [0, 8, 0]},
			"faces": {
				"north": {"uv": [11, 6.5, 15, 6.75], "texture": "#1"},
				"east": {"uv": [8.5, 12.25, 9, 12.5], "texture": "#1"},
				"south": {"uv": [11, 6.75, 15, 7], "texture": "#1"},
				"west": {"uv": [12.25, 8.5, 12.75, 8.75], "texture": "#1"},
				"up": {"uv": [12, 1.5, 8, 1], "texture": "#1"},
				"down": {"uv": [12, 1.5, 8, 2], "texture": "#1"}
			}
		},
		{
			"from": [0, 0, 14],
			"to": [2, 8, 16],
			"rotation": {"angle": 0, "axis": "y", "origin": [0, 0, 14]},
			"faces": {
				"north": {"uv": [11, 7, 11.5, 9], "texture": "#1"},
				"east": {"uv": [11, 9, 11.5, 11], "texture": "#1"},
				"south": {"uv": [11, 11, 11.5, 13], "texture": "#1"},
				"west": {"uv": [0, 11.5, 0.5, 13.5], "texture": "#1"},
				"up": {"uv": [12.5, 5.5, 12, 5], "texture": "#1"},
				"down": {"uv": [12.5, 5.5, 12, 6], "texture": "#1"}
			}
		},
		{
			"from": [14, 0, 0],
			"to": [16, 8, 2],
			"rotation": {"angle": 0, "axis": "y", "origin": [14, 0, 0]},
			"faces": {
				"north": {"uv": [0.5, 11.5, 1, 13.5], "texture": "#1"},
				"east": {"uv": [2, 11.5, 2.5, 13.5], "texture": "#1"},
				"south": {"uv": [2.5, 11.5, 3, 13.5], "texture": "#1"},
				"west": {"uv": [3, 11.5, 3.5, 13.5], "texture": "#1"},
				"up": {"uv": [12.5, 6.5, 12, 6], "texture": "#1"},
				"down": {"uv": [7.5, 12, 7, 12.5], "texture": "#1"}
			}
		},
		{
			"from": [0, 0, 0],
			"to": [2, 8, 2],
			"faces": {
				"north": {"uv": [3.5, 11.5, 4, 13.5], "texture": "#1"},
				"east": {"uv": [4, 11.5, 4.5, 13.5], "texture": "#1"},
				"south": {"uv": [4.5, 11.5, 5, 13.5], "texture": "#1"},
				"west": {"uv": [11.5, 4.5, 12, 6.5], "texture": "#1"},
				"up": {"uv": [8, 12.5, 7.5, 12], "texture": "#1"},
				"down": {"uv": [8.5, 12, 8, 12.5], "texture": "#1"}
			}
		},
		{
			"from": [14.001, 0, 0],
			"to": [16.001, 23, 16],
			"rotation": {"angle": 0, "axis": "y", "origin": [15, 0, 0]},
			"faces": {
				"north": {"uv": [0, 5.75, 0.5, 11.5], "texture": "#1"},
				"east": {"uv": [0, 0, 4, 5.75], "texture": "#1"},
				"south": {"uv": [0.5, 5.75, 1, 11.5], "texture": "#1"},
				"west": {"uv": [4, 0, 8, 5.75], "texture": "#1"},
				"up": {"uv": [1.5, 9.75, 1, 5.75], "texture": "#1"},
				"down": {"uv": [2, 5.75, 1.5, 9.75], "texture": "#1"}
			}
		},
		{
			"from": [0, 0, 14.001],
			"to": [16, 23, 16.001],
			"rotation": {"angle": 0, "axis": "y", "origin": [0, 0, 15]},
			"faces": {
				"north": {"uv": [0, 0, 4, 5.75], "texture": "#1"},
				"east": {"uv": [0.5, 5.75, 1, 11.5], "texture": "#1"},
				"south": {"uv": [4, 0, 8, 5.75], "texture": "#1"},
				"west": {"uv": [0, 5.75, 0.5, 11.5], "texture": "#1"},
				"up": {"uv": [1.5, 9.75, 1, 5.75], "rotation": 270, "texture": "#1"},
				"down": {"uv": [2, 5.75, 1.5, 9.75], "rotation": 90, "texture": "#1"}
			}
		},
		{
			"from": [0.001, 0, 0],
			"to": [2.001, 23, 16],
			"rotation": {"angle": 0, "axis": "y", "origin": [1, 0, 0]},
			"faces": {
				"north": {"uv": [0, 5.75, 0.5, 11.5], "texture": "#1"},
				"east": {"uv": [0, 0, 4, 5.75], "texture": "#1"},
				"south": {"uv": [0.5, 5.75, 1, 11.5], "texture": "#1"},
				"west": {"uv": [4, 0, 8, 5.75], "texture": "#1"},
				"up": {"uv": [1.5, 9.75, 1, 5.75], "texture": "#1"},
				"down": {"uv": [2, 5.75, 1.5, 9.75], "texture": "#1"}
			}
		}
	],
	"display": {
		"thirdperson_righthand": {
			"scale": [0.4, 0.4, 0.4]
		},
		"thirdperson_lefthand": {
			"scale": [0.4, 0.4, 0.4]
		},
		"firstperson_righthand": {
			"scale": [0.4, 0.4, 0.4]
		},
		"firstperson_lefthand": {
			"scale": [0.4, 0.4, 0.4]
		},
		"head": {
			"rotation": [0, 180, 0],
			"translation": [0, -23.25, 0],
			"scale": [2.3, 2.3, 2.3]
		},
		"fixed": {
			"rotation": [-90, 0, 0],
			"translation": [0, 0, -16],
			"scale": [2, 2, 2]
		}
	},
	"groups": [
		{
			"name": "left_bench",
			"origin": [14, 13, 2],
			"color": 0,
			"children": [0, 1, 2, 3, 4, 5, 6, 7, 8, 9, 10, 11, 12, 13, 14, 15, 16, 17, 18, 19, 20, 21]
		}
	]
}