{
  "credit": "Made with Blockbench",
  "textures": {
    "0": "furniturepack:potion_1",
    "1": "furniturepack:potion_2",
    "2": "furniturepack:potion_3",
    "particle": "furniturepack:potion_1"
  },
  "elements": [
    {
      "from": [8, 0, 8],
      "to": [13, 8, 13],
      "faces": {
        "north": { "uv": [0, 0, 2.5, 4], "texture": "#0" },
        "east": { "uv": [2.5, 0, 5, 4], "texture": "#0" },
        "south": { "uv": [0, 4, 2.5, 8], "texture": "#0" },
        "west": { "uv": [2.5, 4, 5, 8], "texture": "#0" },
        "up": { "uv": [7.5, 2.5, 5, 0], "texture": "#0" },
        "down": { "uv": [7.5, 2.5, 5, 5], "texture": "#0" }
      }
    },
    {
      "from": [9, 1, 9],
      "to": [12, 4, 12],
      "faces": {
        "north": { "uv": [5, 5, 6.5, 6.5], "texture": "#0" },
        "east": { "uv": [5, 6.5, 6.5, 8], "texture": "#0" },
        "south": { "uv": [6.5, 5, 8, 6.5], "texture": "#0" },
        "west": { "uv": [6.5, 6.5, 8, 8], "texture": "#0" },
        "up": { "uv": [9, 1.5, 7.5, 0], "texture": "#0" },
        "down": { "uv": [9, 1.5, 7.5, 3], "texture": "#0" }
      }
    },
    {
      "from": [9, 7, 9],
      "to": [12, 9, 12],
      "faces": {
        "north": { "uv": [1.5, 8, 3, 9], "texture": "#0" },
        "east": { "uv": [3, 8, 4.5, 9], "texture": "#0" },
        "south": { "uv": [4.5, 8, 6, 9], "texture": "#0" },
        "west": { "uv": [8, 4.5, 9.5, 5.5], "texture": "#0" },
        "up": { "uv": [9, 4.5, 7.5, 3], "texture": "#0" },
        "down": { "uv": [1.5, 8, 0, 9.5], "texture": "#0" }
      }
    },
    {
      "from": [3, 0, 6],
      "to": [7, 6, 10],
      "faces": {
        "north": { "uv": [0, 0, 4, 6], "texture": "#1" },
        "east": { "uv": [4, 0, 8, 6], "texture": "#1" },
        "south": { "uv": [0, 6, 4, 12], "texture": "#1" },
        "west": { "uv": [4, 6, 8, 12], "texture": "#1" },
        "up": { "uv": [12, 4, 8, 0], "texture": "#1" },
        "down": { "uv": [12, 4, 8, 8], "texture": "#1" }
      }
    },
    {
      "from": [4, 1, 7],
      "to": [6, 4, 9],
      "faces": {
        "north": { "uv": [8, 8, 10, 11], "texture": "#1" },
        "east": { "uv": [10, 8, 12, 11], "texture": "#1" },
        "south": { "uv": [8, 11, 10, 14], "texture": "#1" },
        "west": { "uv": [10, 11, 12, 14], "texture": "#1" },
        "up": { "uv": [2, 14, 0, 12], "texture": "#1" },
        "down": { "uv": [14, 0, 12, 2], "texture": "#1" }
      }
    },
    {
      "from": [4, 5, 7],
      "to": [6, 7, 9],
      "faces": {
        "north": { "uv": [2, 12, 4, 14], "texture": "#1" },
        "east": { "uv": [12, 2, 14, 4], "texture": "#1" },
        "south": { "uv": [4, 12, 6, 14], "texture": "#1" },
        "west": { "uv": [12, 4, 14, 6], "texture": "#1" },
        "up": { "uv": [8, 14, 6, 12], "texture": "#1" },
        "down": { "uv": [14, 6, 12, 8], "texture": "#1" }
      }
    },
    {
      "from": [8, 0, 3],
      "to": [11, 4, 6],
      "faces": {
        "north": { "uv": [0, 0, 3, 4], "texture": "#2" },
        "east": { "uv": [3, 0, 6, 4], "texture": "#2" },
        "south": { "uv": [0, 4, 3, 8], "texture": "#2" },
        "west": { "uv": [3, 4, 6, 8], "texture": "#2" },
        "up": { "uv": [9, 3, 6, 0], "texture": "#2" },
        "down": { "uv": [9, 3, 6, 6], "texture": "#2" }
      }
    },
    {
      "from": [9, 1, 4],
      "to": [10, 2, 5],
      "faces": {
        "north": { "uv": [2, 8, 3, 9], "texture": "#2" },
        "east": { "uv": [3, 8, 4, 9], "texture": "#2" },
        "south": { "uv": [4, 8, 5, 9], "texture": "#2" },
        "west": { "uv": [5, 8, 6, 9], "texture": "#2" },
        "up": { "uv": [7, 9, 6, 8], "texture": "#2" },
        "down": { "uv": [9, 6, 8, 7], "texture": "#2" }
      }
    },
    {
      "from": [9, 3, 4],
      "to": [10, 5, 5],
      "faces": {
        "north": { "uv": [6, 6, 7, 8], "texture": "#2" },
        "east": { "uv": [7, 6, 8, 8], "texture": "#2" },
        "south": { "uv": [0, 8, 1, 10], "texture": "#2" },
        "west": { "uv": [1, 8, 2, 10], "texture": "#2" },
        "up": { "uv": [8, 9, 7, 8], "texture": "#2" },
        "down": { "uv": [9, 7, 8, 8], "texture": "#2" }
      }
    }
  ],
  "display": {
    "thirdperson_righthand": {
      "rotation": [75, 45, 0],
      "translation": [0, 2.5, 2],
      "scale": [0.375, 0.375, 0.375]
    },
    "thirdperson_lefthand": {
      "rotation": [75, 45, 0],
      "translation": [0, 2.5, 2],
      "scale": [0.375, 0.375, 0.375]
    },
    "firstperson_righthand": {
      "rotation": [0, 45, 0],
      "translation": [0, 2, 0],
      "scale": [0.4, 0.4, 0.4]
    },
    "firstperson_lefthand": {
      "rotation": [0, 225, 0],
      "translation": [0, 2, 0],
      "scale": [0.4, 0.4, 0.4]
    },
    "ground": {
      "translation": [0, 3, 0],
      "scale": [0.25, 0.25, 0.25]
    },
    "gui": {
      "rotation": [30, 225, 0],
      "translation": [1, 4, 0]
    },
    "fixed": {
      "rotation": [-90, 0, 0],
      "translation": [0, 0, -11.75],
      "scale": [1.6, 1.6, 1.6]
    }
  },
  "groups": [
    {
      "name": "group",
      "origin": [0, 0, 0],
      "color": 0,
      "children": [0, 1, 2]
    },
    {
      "name": "group",
      "origin": [0, 0, 0],
      "color": 0,
      "children": [3, 4, 5]
    },
    {
      "name": "group",
      "origin": [0, 0, 0],
      "color": 0,
      "children": [6, 7, 8]
    }
  ]
}
