{
  "credit": "Made with Blockbench",
  "texture_size": [64, 64],
  "textures": {
    "0": "furniturepack:magic_pillar",
    "particle": "furniturepack:magic_pillar"
  },
  "elements": [
    {
      "from": [1, 2, 1],
      "to": [15, 30, 15],
      "faces": {
        "north": { "uv": [0, 0, 3.5, 7], "texture": "#0" },
        "east": { "uv": [3.5, 0, 7, 7], "texture": "#0" },
        "south": { "uv": [0, 7, 3.5, 14], "texture": "#0" },
        "west": { "uv": [7, 0, 10.5, 7], "texture": "#0" },
        "up": { "uv": [11, 14.5, 7.5, 11], "texture": "#0" },
        "down": { "uv": [14.5, 11, 11, 14.5], "texture": "#0" }
      }
    },
    {
      "from": [0, 0, 0],
      "to": [16, 2, 16],
      "faces": {
        "north": { "uv": [10.5, 4, 14.5, 4.5], "texture": "#0" },
        "east": { "uv": [10.5, 4.5, 14.5, 5], "texture": "#0" },
        "south": { "uv": [10.5, 5, 14.5, 5.5], "texture": "#0" },
        "west": { "uv": [10.5, 5.5, 14.5, 6], "texture": "#0" },
        "up": { "uv": [7.5, 11, 3.5, 7], "texture": "#0" },
        "down": { "uv": [11.5, 7, 7.5, 11], "texture": "#0" }
      }
    },
    {
      "from": [0, 30, 0],
      "to": [16, 32, 16],
      "faces": {
        "north": { "uv": [10.5, 6, 14.5, 6.5], "texture": "#0" },
        "east": { "uv": [10.5, 6.5, 14.5, 7], "texture": "#0" },
        "south": { "uv": [11.5, 7, 15.5, 7.5], "texture": "#0" },
        "west": { "uv": [11.5, 7.5, 15.5, 8], "texture": "#0" },
        "up": { "uv": [14.5, 4, 10.5, 0], "texture": "#0" },
        "down": { "uv": [7.5, 11, 3.5, 15], "texture": "#0" }
      }
    }
  ],
  "display": {
    "thirdperson_righthand": {
      "rotation": [75, 45, 0],
      "translation": [0, 2.5, 0],
      "scale": [0.375, 0.375, 0.375]
    },
    "thirdperson_lefthand": {
      "rotation": [75, 45, 0],
      "translation": [0, 2.5, 0],
      "scale": [0.375, 0.375, 0.375]
    },
    "firstperson_righthand": {
      "rotation": [0, 45, 0],
      "scale": [0.4, 0.4, 0.4]
    },
    "firstperson_lefthand": {
      "rotation": [0, 225, 0],
      "scale": [0.4, 0.4, 0.4]
    },
    "ground": {
      "translation": [0, 3, 0],
      "scale": [0.25, 0.25, 0.25]
    },
    "gui": {
      "rotation": [30, 225, 0],
      "translation": [0, -2.75, 0],
      "scale": [0.4, 0.4, 0.4]
    },
    "head": {
      "translation": [0, -30.45, 0],
      "scale": [1.6, 1.6, 1.6]
    },
    "fixed": {
      "scale": [0.5, 0.5, 0.5]
    }
  },
  "groups": [
    {
      "name": "group",
      "origin": [0, 0, 0],
      "color": 0,
      "children": [0, 1, 2]
    }
  ]
}
