{
  "credit": "Made with Blockbench",
  "texture_size": [64, 64],
  "textures": {
    "0": "furniturepack:magic_stone",
    "1": "furniturepack:animations/magic_circle",
    "particle": "furniturepack:magic_stone"
  },
  "elements": [
    {
      "from": [0, 8, 0],
      "to": [16, 9, 16],
      "faces": {
        "north": { "uv": [10, 8.75, 14, 9], "texture": "#0" },
        "east": { "uv": [10, 9, 14, 9.25], "texture": "#0" },
        "south": { "uv": [10, 9.25, 14, 9.5], "texture": "#0" },
        "west": { "uv": [10, 9.5, 14, 9.75], "texture": "#0" },
        "up": { "uv": [4, 4, 0, 0], "texture": "#0" },
        "down": { "uv": [4, 4, 0, 8], "texture": "#0" }
      }
    },
    {
      "from": [0, 0, 0],
      "to": [16, 7, 16],
      "faces": {
        "north": { "uv": [3.5, 8, 7.5, 9.75], "texture": "#0" },
        "east": { "uv": [8, 3.5, 12, 5.25], "texture": "#0" },
        "south": { "uv": [8, 5.25, 12, 7], "texture": "#0" },
        "west": { "uv": [8, 7, 12, 8.75], "texture": "#0" },
        "up": { "uv": [8, 4, 4, 0], "texture": "#0" },
        "down": { "uv": [8, 4, 4, 8], "texture": "#0" }
      }
    },
    {
      "from": [3, 7, 3],
      "to": [13, 8, 13],
      "faces": {
        "north": { "uv": [10, 9.75, 12.5, 10], "texture": "#0" },
        "east": { "uv": [10, 10, 12.5, 10.25], "texture": "#0" },
        "south": { "uv": [10, 10.25, 12.5, 10.5], "texture": "#0" },
        "west": { "uv": [10, 10.5, 12.5, 10.75], "texture": "#0" },
        "up": { "uv": [10, 11.25, 7.5, 8.75], "texture": "#0" },
        "down": { "uv": [6, 9.75, 3.5, 12.25], "texture": "#0" }
      }
    },
    {
      "from": [1, 9.55, 1],
      "to": [15, 9.55, 15],
      "faces": {
        "north": { "uv": [0, 0, 3.5, 0], "texture": "#missing" },
        "east": { "uv": [0, 0, 3.5, 0], "texture": "#missing" },
        "south": { "uv": [0, 0, 3.5, 0], "texture": "#missing" },
        "west": { "uv": [0, 0, 3.5, 0], "texture": "#missing" },
        "up": { "uv": [0, 0, 16, 16], "texture": "#1" },
        "down": { "uv": [0, 0, 16, 16], "texture": "#1" }
      }
    }
  ],
  "display": {
    "thirdperson_righthand": {
      "rotation": [75, 45, 0],
      "translation": [0, 2.5, 0],
      "scale": [0.375, 0.375, 0.375]
    },
    "thirdperson_lefthand": {
      "rotation": [75, 45, 0],
      "translation": [0, 2.5, 0],
      "scale": [0.375, 0.375, 0.375]
    },
    "firstperson_righthand": {
      "rotation": [0, 45, 0],
      "scale": [0.4, 0.4, 0.4]
    },
    "firstperson_lefthand": {
      "rotation": [0, 225, 0],
      "scale": [0.4, 0.4, 0.4]
    },
    "ground": {
      "translation": [0, 3, 0],
      "scale": [0.25, 0.25, 0.25]
    },
    "gui": {
      "rotation": [30, 225, 0],
      "scale": [0.625, 0.625, 0.625]
    },
    "head": {
      "translation": [0, -30.45, 0],
      "scale": [1.6, 1.6, 1.6]
    },
    "fixed": {
      "scale": [0.5, 0.5, 0.5]
    }
  },
  "groups": [
    {
      "name": "group",
      "origin": [0, 0, 0],
      "color": 0,
      "children": [0, 1, 2]
    },
    3
  ]
}
