{
  "credit": "Made with Blockbench",
  "texture_size": [64, 64],
  "textures": {
    "0": "furniturepack:magic_cauldron",
    "1": "furniturepack:animations/liquid",
    "particle": "furniturepack:magic_cauldron"
  },
  "elements": [
    {
      "from": [-2, 1, -2],
      "to": [18, 15, 18],
      "faces": {
        "north": { "uv": [5, 0, 10, 3.5], "texture": "#0" },
        "east": { "uv": [5, 3.5, 10, 7], "texture": "#0" },
        "south": { "uv": [5, 7, 10, 10.5], "texture": "#0" },
        "west": { "uv": [0, 10, 5, 13.5], "texture": "#0" },
        "up": { "uv": [5, 5, 0, 0], "texture": "#0" },
        "down": { "uv": [5, 5, 0, 10], "texture": "#0" }
      }
    },
    {
      "from": [15, 15, 0],
      "to": [16, 18, 16],
      "faces": {
        "north": { "uv": [8.5, 12.5, 8.75, 13.25], "texture": "#0" },
        "east": { "uv": [10, 0, 14, 0.75], "texture": "#0" },
        "south": { "uv": [9.75, 12.75, 10, 13.5], "texture": "#0" },
        "west": { "uv": [10, 0.75, 14, 1.5], "texture": "#0" },
        "up": { "uv": [10.75, 14.75, 10.5, 10.75], "texture": "#0" },
        "down": { "uv": [11, 10.75, 10.75, 14.75], "texture": "#0" }
      }
    },
    {
      "from": [0, 15, 0],
      "to": [1, 18, 16],
      "faces": {
        "north": { "uv": [12.25, 13, 12.5, 13.75], "texture": "#0" },
        "east": { "uv": [10, 1.5, 14, 2.25], "texture": "#0" },
        "south": { "uv": [12.5, 13, 12.75, 13.75], "texture": "#0" },
        "west": { "uv": [10, 2.25, 14, 3], "texture": "#0" },
        "up": { "uv": [11.25, 14.75, 11, 10.75], "texture": "#0" },
        "down": { "uv": [5.75, 11.25, 5.5, 15.25], "texture": "#0" }
      }
    },
    {
      "from": [1, 15, 15],
      "to": [15, 18, 16],
      "faces": {
        "north": { "uv": [10, 3, 13.5, 3.75], "texture": "#0" },
        "east": { "uv": [12.75, 13, 13, 13.75], "texture": "#0" },
        "south": { "uv": [10, 3.75, 13.5, 4.5], "texture": "#0" },
        "west": { "uv": [13, 13, 13.25, 13.75], "texture": "#0" },
        "up": { "uv": [9.25, 11.75, 5.75, 11.5], "texture": "#0" },
        "down": { "uv": [14.75, 11.5, 11.25, 11.75], "texture": "#0" }
      }
    },
    {
      "from": [1, 15, 0],
      "to": [15, 18, 1],
      "faces": {
        "north": { "uv": [10, 4.5, 13.5, 5.25], "texture": "#0" },
        "east": { "uv": [8.5, 13.25, 8.75, 14], "texture": "#0" },
        "south": { "uv": [10, 5.25, 13.5, 6], "texture": "#0" },
        "west": { "uv": [13.25, 12, 13.5, 12.75], "texture": "#0" },
        "up": { "uv": [9.25, 12, 5.75, 11.75], "texture": "#0" },
        "down": { "uv": [14.75, 11.75, 11.25, 12], "texture": "#0" }
      }
    },
    {
      "from": [0, 18, -1],
      "to": [16, 20, 0],
      "faces": {
        "north": { "uv": [10, 8, 14, 8.5], "texture": "#0" },
        "east": { "uv": [0.75, 13.5, 1, 14], "texture": "#0" },
        "south": { "uv": [10, 8.5, 14, 9], "texture": "#0" },
        "west": { "uv": [1, 13.5, 1.25, 14], "texture": "#0" },
        "up": { "uv": [9.75, 11.5, 5.75, 11.25], "texture": "#0" },
        "down": { "uv": [15.25, 10.75, 11.25, 11], "texture": "#0" }
      }
    },
    {
      "from": [0, 18, 16],
      "to": [16, 20, 17],
      "faces": {
        "north": { "uv": [10, 9, 14, 9.5], "texture": "#0" },
        "east": { "uv": [1.25, 13.5, 1.5, 14], "texture": "#0" },
        "south": { "uv": [10, 9.5, 14, 10], "texture": "#0" },
        "west": { "uv": [1.5, 13.5, 1.75, 14], "texture": "#0" },
        "up": { "uv": [15.25, 11.25, 11.25, 11], "texture": "#0" },
        "down": { "uv": [15.25, 11.25, 11.25, 11.5], "texture": "#0" }
      }
    },
    {
      "from": [16, 18, -1],
      "to": [17, 20, 17],
      "faces": {
        "north": { "uv": [1.75, 13.5, 2, 14], "texture": "#0" },
        "east": { "uv": [10, 6, 14.5, 6.5], "texture": "#0" },
        "south": { "uv": [2, 13.5, 2.25, 14], "texture": "#0" },
        "west": { "uv": [10, 6.5, 14.5, 7], "texture": "#0" },
        "up": { "uv": [10.25, 14.5, 10, 10], "texture": "#0" },
        "down": { "uv": [10.5, 10, 10.25, 14.5], "texture": "#0" }
      }
    },
    {
      "from": [-1, 18, -1],
      "to": [0, 20, 17],
      "faces": {
        "north": { "uv": [2.25, 13.5, 2.5, 14], "texture": "#0" },
        "east": { "uv": [10, 7, 14.5, 7.5], "texture": "#0" },
        "south": { "uv": [2.5, 13.5, 2.75, 14], "texture": "#0" },
        "west": { "uv": [10, 7.5, 14.5, 8], "texture": "#0" },
        "up": { "uv": [5.25, 15, 5, 10.5], "texture": "#0" },
        "down": { "uv": [5.5, 10.5, 5.25, 15], "texture": "#0" }
      }
    },
    {
      "from": [-4, 11, 5],
      "to": [-2, 13, 11],
      "faces": {
        "north": { "uv": [7.5, 12.5, 8, 13], "texture": "#0" },
        "east": { "uv": [5.75, 12, 7.25, 12.5], "texture": "#0" },
        "south": { "uv": [8, 12.5, 8.5, 13], "texture": "#0" },
        "west": { "uv": [7.25, 12, 8.75, 12.5], "texture": "#0" },
        "up": { "uv": [9.75, 13, 9.25, 11.5], "texture": "#0" },
        "down": { "uv": [9.25, 12, 8.75, 13.5], "texture": "#0" }
      }
    },
    {
      "from": [-4, 8, 5],
      "to": [-3, 11, 11],
      "faces": {
        "north": { "uv": [13.25, 12.75, 13.5, 13.5], "texture": "#0" },
        "east": { "uv": [5.5, 10.5, 7, 11.25], "texture": "#0" },
        "south": { "uv": [0, 13.5, 0.25, 14.25], "texture": "#0" },
        "west": { "uv": [7, 10.5, 8.5, 11.25], "texture": "#0" },
        "up": { "uv": [10, 12.75, 9.75, 11.25], "texture": "#0" },
        "down": { "uv": [7, 12.5, 6.75, 14], "texture": "#0" }
      }
    },
    {
      "from": [18, 11, 5],
      "to": [20, 13, 11],
      "faces": {
        "north": { "uv": [11.25, 12.5, 11.75, 13], "texture": "#0" },
        "east": { "uv": [12, 10, 13.5, 10.5], "texture": "#0" },
        "south": { "uv": [11.75, 12.5, 12.25, 13], "texture": "#0" },
        "west": { "uv": [11.25, 12, 12.75, 12.5], "texture": "#0" },
        "up": { "uv": [6.25, 14, 5.75, 12.5], "texture": "#0" },
        "down": { "uv": [6.75, 12.5, 6.25, 14], "texture": "#0" }
      }
    },
    {
      "from": [19, 8, 5],
      "to": [20, 11, 11],
      "faces": {
        "north": { "uv": [0.25, 13.5, 0.5, 14.25], "texture": "#0" },
        "east": { "uv": [8.5, 10.5, 10, 11.25], "texture": "#0" },
        "south": { "uv": [0.5, 13.5, 0.75, 14.25], "texture": "#0" },
        "west": { "uv": [10.5, 10, 12, 10.75], "texture": "#0" },
        "up": { "uv": [7.25, 14, 7, 12.5], "texture": "#0" },
        "down": { "uv": [7.5, 12.5, 7.25, 14], "texture": "#0" }
      }
    },
    {
      "from": [-1, 0, -1],
      "to": [1, 1, 1],
      "faces": {
        "north": { "uv": [12, 10.5, 12.5, 10.75], "texture": "#0" },
        "east": { "uv": [12.5, 10.5, 13, 10.75], "texture": "#0" },
        "south": { "uv": [13, 10.5, 13.5, 10.75], "texture": "#0" },
        "west": { "uv": [2.75, 13.5, 3.25, 13.75], "texture": "#0" },
        "up": { "uv": [12.75, 13, 12.25, 12.5], "texture": "#0" },
        "down": { "uv": [13.25, 12, 12.75, 12.5], "texture": "#0" }
      }
    },
    {
      "from": [-1, 0, 15],
      "to": [1, 1, 17],
      "faces": {
        "north": { "uv": [13.5, 3, 14, 3.25], "texture": "#0" },
        "east": { "uv": [3.25, 13.5, 3.75, 13.75], "texture": "#0" },
        "south": { "uv": [13.5, 3.25, 14, 3.5], "texture": "#0" },
        "west": { "uv": [13.5, 3.5, 14, 3.75], "texture": "#0" },
        "up": { "uv": [13.25, 13, 12.75, 12.5], "texture": "#0" },
        "down": { "uv": [8, 13, 7.5, 13.5], "texture": "#0" }
      }
    },
    {
      "from": [15, 0, 15],
      "to": [17, 1, 17],
      "faces": {
        "north": { "uv": [3.75, 13.5, 4.25, 13.75], "texture": "#0" },
        "east": { "uv": [13.5, 3.75, 14, 4], "texture": "#0" },
        "south": { "uv": [13.5, 4, 14, 4.25], "texture": "#0" },
        "west": { "uv": [4.25, 13.5, 4.75, 13.75], "texture": "#0" },
        "up": { "uv": [8.5, 13.5, 8, 13], "texture": "#0" },
        "down": { "uv": [9.75, 13, 9.25, 13.5], "texture": "#0" }
      }
    },
    {
      "from": [15, 0, -1],
      "to": [17, 1, 1],
      "faces": {
        "north": { "uv": [13.5, 4.25, 14, 4.5], "texture": "#0" },
        "east": { "uv": [13.5, 4.5, 14, 4.75], "texture": "#0" },
        "south": { "uv": [13.5, 4.75, 14, 5], "texture": "#0" },
        "west": { "uv": [13.5, 5, 14, 5.25], "texture": "#0" },
        "up": { "uv": [11.75, 13.5, 11.25, 13], "texture": "#0" },
        "down": { "uv": [12.25, 13, 11.75, 13.5], "texture": "#0" }
      }
    },
    {
      "from": [1, 17.05, 1],
      "to": [15, 17.05, 15],
      "faces": {
        "north": { "uv": [0, 0, 3.5, 0], "texture": "#missing" },
        "east": { "uv": [0, 0, 3.5, 0], "texture": "#missing" },
        "south": { "uv": [0, 0, 3.5, 0], "texture": "#missing" },
        "west": { "uv": [0, 0, 3.5, 0], "texture": "#missing" },
        "up": { "uv": [0, 0, 16, 16], "texture": "#1" },
        "down": { "uv": [0, 0, 0.07143, 0.07143], "texture": "#missing" }
      }
    }
  ],
  "display": {
    "thirdperson_righthand": {
      "rotation": [75, 45, 0],
      "translation": [0, 2.5, 0],
      "scale": [0.375, 0.375, 0.375]
    },
    "thirdperson_lefthand": {
      "rotation": [75, 45, 0],
      "translation": [0, 2.5, 0],
      "scale": [0.375, 0.375, 0.375]
    },
    "firstperson_righthand": {
      "rotation": [0, 45, 0],
      "scale": [0.4, 0.4, 0.4]
    },
    "firstperson_lefthand": {
      "rotation": [0, 225, 0],
      "scale": [0.4, 0.4, 0.4]
    },
    "ground": {
      "translation": [0, 3, 0],
      "scale": [0.25, 0.25, 0.25]
    },
    "gui": {
      "rotation": [30, 225, 0],
      "translation": [0, -1, 0],
      "scale": [0.55, 0.55, 0.55]
    },
    "head": {
      "translation": [0, -18, 0],
      "scale": [3.2, 3.2, 3.2]
    },
    "fixed": {
      "scale": [0.5, 0.5, 0.5]
    }
  },
  "groups": [
    {
      "name": "group",
      "origin": [0, 0, 0],
      "color": 0,
      "children": [0, 1, 2, 3, 4, 5, 6, 7, 8, 9, 10, 11, 12, 13, 14, 15, 16]
    },
    17
  ]
}
