{
  "credit": "Made with Blockbench",
  "texture_size": [32, 32],
  "textures": {
    "0": "furniturepack:mini_cauldron",
    "1": "furniturepack:animations/liquid2",
    "particle": "furniturepack:mini_cauldron"
  },
  "elements": [
    {
      "from": [-2, 0, -2],
      "to": [18, 4, 18],
      "faces": {
        "north": { "uv": [5, 0, 10, 1], "texture": "#0" },
        "east": { "uv": [5, 1, 10, 2], "texture": "#0" },
        "south": { "uv": [5, 2, 10, 3], "texture": "#0" },
        "west": { "uv": [5, 3, 10, 4], "texture": "#0" },
        "up": { "uv": [5, 5, 0, 0], "texture": "#0" },
        "down": { "uv": [5, 5, 0, 10], "texture": "#0" }
      }
    },
    {
      "from": [-1, 4, 16],
      "to": [17, 6, 17],
      "faces": {
        "north": { "uv": [5, 6, 9.5, 6.5], "texture": "#0" },
        "east": { "uv": [0.5, 10.25, 0.75, 10.75], "texture": "#0" },
        "south": { "uv": [5, 6.5, 9.5, 7], "texture": "#0" },
        "west": { "uv": [0.75, 10.25, 1, 10.75], "texture": "#0" },
        "up": { "uv": [4.75, 10.25, 0.25, 10], "texture": "#0" },
        "down": { "uv": [9.25, 10, 4.75, 10.25], "texture": "#0" }
      }
    },
    {
      "from": [-1, 4, -1],
      "to": [17, 6, 0],
      "faces": {
        "north": { "uv": [5, 7, 9.5, 7.5], "texture": "#0" },
        "east": { "uv": [1, 10.25, 1.25, 10.75], "texture": "#0" },
        "south": { "uv": [5, 7.5, 9.5, 8], "texture": "#0" },
        "west": { "uv": [1.25, 10.25, 1.5, 10.75], "texture": "#0" },
        "up": { "uv": [14.5, 5.25, 10, 5], "texture": "#0" },
        "down": { "uv": [14.5, 5.25, 10, 5.5], "texture": "#0" }
      }
    },
    {
      "from": [16, 4, 0],
      "to": [17, 6, 16],
      "faces": {
        "north": { "uv": [1.5, 10.25, 1.75, 10.75], "texture": "#0" },
        "east": { "uv": [9.5, 6, 13.5, 6.5], "texture": "#0" },
        "south": { "uv": [1.75, 10.25, 2, 10.75], "texture": "#0" },
        "west": { "uv": [9.5, 6.5, 13.5, 7], "texture": "#0" },
        "up": { "uv": [10.25, 12.5, 10, 8.5], "texture": "#0" },
        "down": { "uv": [9.5, 10, 9.25, 14], "texture": "#0" }
      }
    },
    {
      "from": [-1, 6, 17],
      "to": [17, 8, 18],
      "faces": {
        "north": { "uv": [5, 8, 9.5, 8.5], "texture": "#0" },
        "east": { "uv": [2, 10.25, 2.25, 10.75], "texture": "#0" },
        "south": { "uv": [5, 8.5, 9.5, 9], "texture": "#0" },
        "west": { "uv": [2.25, 10.25, 2.5, 10.75], "texture": "#0" },
        "up": { "uv": [14.5, 5.75, 10, 5.5], "texture": "#0" },
        "down": { "uv": [14.5, 5.75, 10, 6], "texture": "#0" }
      }
    },
    {
      "from": [-2, 6, -2],
      "to": [-1, 8, 18],
      "faces": {
        "north": { "uv": [2.5, 10.25, 2.75, 10.75], "texture": "#0" },
        "east": { "uv": [5, 4, 10, 4.5], "texture": "#0" },
        "south": { "uv": [2.75, 10.25, 3, 10.75], "texture": "#0" },
        "west": { "uv": [5, 4.5, 10, 5], "texture": "#0" },
        "up": { "uv": [9.75, 13, 9.5, 8], "texture": "#0" },
        "down": { "uv": [10, 8, 9.75, 13], "texture": "#0" }
      }
    },
    {
      "from": [-1, 6, -2],
      "to": [17, 8, -1],
      "faces": {
        "north": { "uv": [5, 9, 9.5, 9.5], "texture": "#0" },
        "east": { "uv": [3, 10.25, 3.25, 10.75], "texture": "#0" },
        "south": { "uv": [5, 9.5, 9.5, 10], "texture": "#0" },
        "west": { "uv": [3.25, 10.25, 3.5, 10.75], "texture": "#0" },
        "up": { "uv": [14.5, 8.25, 10, 8], "texture": "#0" },
        "down": { "uv": [14.5, 8.25, 10, 8.5], "texture": "#0" }
      }
    },
    {
      "from": [17, 6, -2],
      "to": [18, 8, 18],
      "faces": {
        "north": { "uv": [3.5, 10.25, 3.75, 10.75], "texture": "#0" },
        "east": { "uv": [5, 5, 10, 5.5], "texture": "#0" },
        "south": { "uv": [3.75, 10.25, 4, 10.75], "texture": "#0" },
        "west": { "uv": [5, 5.5, 10, 6], "texture": "#0" },
        "up": { "uv": [0.25, 15, 0, 10], "texture": "#0" },
        "down": { "uv": [10.25, 0, 10, 5], "texture": "#0" }
      }
    },
    {
      "from": [-1, 4, 0],
      "to": [0, 6, 16],
      "faces": {
        "north": { "uv": [4, 10.25, 4.25, 10.75], "texture": "#0" },
        "east": { "uv": [9.5, 7, 13.5, 7.5], "texture": "#0" },
        "south": { "uv": [10.25, 4, 10.5, 4.5], "texture": "#0" },
        "west": { "uv": [9.5, 7.5, 13.5, 8], "texture": "#0" },
        "up": { "uv": [10.5, 4, 10.25, 0], "texture": "#0" },
        "down": { "uv": [0.5, 10.25, 0.25, 14.25], "texture": "#0" }
      }
    },
    {
      "from": [0, 5, 0],
      "to": [16, 5, 16],
      "faces": {
        "north": { "uv": [0, 0, 8, 0], "texture": "#missing" },
        "east": { "uv": [0, 0, 8, 0], "texture": "#missing" },
        "south": { "uv": [0, 0, 8, 0], "texture": "#missing" },
        "west": { "uv": [0, 0, 8, 0], "texture": "#missing" },
        "up": { "uv": [16, 16, 0, 0], "texture": "#1" },
        "down": { "uv": [8, 0, 0, 8], "texture": "#missing" }
      }
    }
  ],
  "display": {
    "thirdperson_righthand": {
      "rotation": [75, 45, 0],
      "translation": [0, 2.5, 0],
      "scale": [0.375, 0.375, 0.375]
    },
    "thirdperson_lefthand": {
      "rotation": [75, 45, 0],
      "translation": [0, 2.5, 0],
      "scale": [0.375, 0.375, 0.375]
    },
    "firstperson_righthand": {
      "rotation": [0, 45, 0],
      "translation": [0, 2, 0],
      "scale": [0.4, 0.4, 0.4]
    },
    "firstperson_lefthand": {
      "rotation": [0, 225, 0],
      "translation": [0, 2, 0],
      "scale": [0.4, 0.4, 0.4]
    },
    "ground": {
      "translation": [0, 3, 0],
      "scale": [0.25, 0.25, 0.25]
    },
    "gui": {
      "rotation": [30, 225, 0],
      "translation": [0, 1.5, 0],
      "scale": [0.5, 0.5, 0.5]
    },
    "head": {
      "translation": [0, -30.45, 0],
      "scale": [1.6, 1.6, 1.6]
    },
    "fixed": {
      "scale": [0.5, 0.5, 0.5]
    }
  },
  "groups": [
    {
      "name": "group",
      "origin": [0, 0, 0],
      "color": 0,
      "children": [0, 1, 2, 3, 4, 5, 6, 7, 8]
    },
    9
  ]
}
