{
	"credit": "Made with Blockbench",
	"texture_size": [128, 128],
	"textures": {
		"0": "furniturepack:movie_chair",
		"particle": "furniturepack:movie_chair"
	},
	"elements": [
		{
			"from": [12, 0, 4],
			"to": [14, 1, 12],
			"rotation": {"angle": 0, "axis": "y", "origin": [12, 0, 7]},
			"faces": {
				"north": {"uv": [6.625, 2.625, 6.875, 2.75], "texture": "#0"},
				"east": {"uv": [1.875, 3.625, 2.875, 3.75], "texture": "#0"},
				"south": {"uv": [7.875, 6.375, 8.125, 6.5], "texture": "#0"},
				"west": {"uv": [7.125, 7.375, 8.125, 7.5], "texture": "#0"},
				"up": {"uv": [5.125, 3.75, 4.875, 2.75], "texture": "#0"},
				"down": {"uv": [5.375, 2.75, 5.125, 3.75], "texture": "#0"}
			}
		},
		{
			"from": [12.5, 1, 7.5],
			"to": [13.5, 5, 8.5],
			"rotation": {"angle": 0, "axis": "y", "origin": [12, 1, 7]},
			"faces": {
				"north": {"uv": [1.75, 4.5, 1.875, 5], "texture": "#0"},
				"east": {"uv": [1.625, 5.75, 1.75, 6.25], "texture": "#0"},
				"south": {"uv": [7.125, 7.5, 7.25, 8], "texture": "#0"},
				"west": {"uv": [7.25, 7.5, 7.375, 8], "texture": "#0"},
				"up": {"uv": [3, 3.75, 2.875, 3.625], "texture": "#0"},
				"down": {"uv": [8.125, 5.25, 8, 5.375], "texture": "#0"}
			}
		},
		{
			"from": [2.5, 1, 7.5],
			"to": [3.5, 5, 8.5],
			"rotation": {"angle": 0, "axis": "y", "origin": [2, 1, 7]},
			"faces": {
				"north": {"uv": [7.375, 7.5, 7.5, 8], "texture": "#0"},
				"east": {"uv": [7.5, 7.5, 7.625, 8], "texture": "#0"},
				"south": {"uv": [7.625, 1.25, 7.75, 1.75], "texture": "#0"},
				"west": {"uv": [7.625, 1.75, 7.75, 2.25], "texture": "#0"},
				"up": {"uv": [8.125, 5.5, 8, 5.375], "texture": "#0"},
				"down": {"uv": [8.125, 6, 8, 6.125], "texture": "#0"}
			}
		},
		{
			"from": [2, 0, 4],
			"to": [4, 1, 12],
			"rotation": {"angle": 0, "axis": "y", "origin": [2, 0, 7]},
			"faces": {
				"north": {"uv": [7.875, 6.5, 8.125, 6.625], "texture": "#0"},
				"east": {"uv": [7.5, 5.75, 8.5, 5.875], "texture": "#0"},
				"south": {"uv": [6.625, 7.875, 6.875, 8], "texture": "#0"},
				"west": {"uv": [7.5, 5.875, 8.5, 6], "texture": "#0"},
				"up": {"uv": [6.875, 7.875, 6.625, 6.875], "texture": "#0"},
				"down": {"uv": [7.125, 6.875, 6.875, 7.875], "texture": "#0"}
			}
		},
		{
			"from": [3, 5, 1],
			"to": [13, 7, 12],
			"rotation": {"angle": 0, "axis": "y", "origin": [2, 5, 7]},
			"faces": {
				"north": {"uv": [6.875, 3.625, 8.125, 3.875], "texture": "#0"},
				"east": {"uv": [2.875, 6.75, 4.25, 7], "texture": "#0"},
				"south": {"uv": [6.875, 3.875, 8.125, 4.125], "texture": "#0"},
				"west": {"uv": [0.375, 6.875, 1.75, 7.125], "texture": "#0"},
				"up": {"uv": [4.25, 6.375, 3, 5], "texture": "#0"},
				"down": {"uv": [5.5, 5, 4.25, 6.375], "texture": "#0"}
			}
		},
		{
			"from": [1, 6, 0.5],
			"to": [14, 7, 1],
			"rotation": {"angle": 0, "axis": "y", "origin": [2, 5, -4]},
			"faces": {
				"north": {"uv": [6.875, 4.125, 8.5, 4.25], "texture": "#0"},
				"east": {"uv": [8, 6.125, 8.125, 6.25], "texture": "#0"},
				"south": {"uv": [6.875, 4.25, 8.5, 4.375], "texture": "#0"},
				"west": {"uv": [8, 6.25, 8.125, 6.375], "texture": "#0"},
				"up": {"uv": [8.5, 4.5, 6.875, 4.375], "texture": "#0"},
				"down": {"uv": [8.5, 4.5, 6.875, 4.625], "texture": "#0"}
			}
		},
		{
			"from": [3, 7, 0],
			"to": [13, 10, 12],
			"rotation": {"angle": 0, "axis": "y", "origin": [2, 7, 7]},
			"faces": {
				"north": {"uv": [0.375, 5.75, 1.625, 6.125], "texture": "#0"},
				"east": {"uv": [6.125, 2.25, 7.625, 2.625], "texture": "#0"},
				"south": {"uv": [0.375, 6.125, 1.625, 6.5], "texture": "#0"},
				"west": {"uv": [5.875, 6.25, 7.375, 6.625], "texture": "#0"},
				"up": {"uv": [6.125, 2.75, 4.875, 1.25], "texture": "#0"},
				"down": {"uv": [3, 5, 1.75, 6.5], "texture": "#0"}
			}
		},
		{
			"from": [14, 5, 0],
			"to": [16, 15, 15],
			"rotation": {"angle": 0, "axis": "y", "origin": [3, 8, 7]},
			"faces": {
				"north": {"uv": [4.25, 6.75, 4.5, 8], "texture": "#0"},
				"east": {"uv": [3, 0, 4.875, 1.25], "texture": "#0"},
				"south": {"uv": [5.875, 6.875, 6.125, 8.125], "texture": "#0"},
				"west": {"uv": [3, 1.25, 4.875, 2.5], "texture": "#0"},
				"up": {"uv": [4.75, 8.25, 4.5, 6.375], "texture": "#0"},
				"down": {"uv": [5, 6.375, 4.75, 8.25], "texture": "#0"}
			}
		},
		{
			"from": [13, 5, 0],
			"to": [14, 15, 14],
			"rotation": {"angle": 0, "axis": "y", "origin": [2, 8, 7]},
			"faces": {
				"north": {"uv": [3.75, 7, 3.875, 8.25], "texture": "#0"},
				"east": {"uv": [1.875, 3.75, 3.625, 5], "texture": "#0"},
				"south": {"uv": [3.875, 7, 4, 8.25], "texture": "#0"},
				"west": {"uv": [3.625, 3.75, 5.375, 5], "texture": "#0"},
				"up": {"uv": [1.875, 8.625, 1.75, 6.875], "texture": "#0"},
				"down": {"uv": [3, 7, 2.875, 8.75], "texture": "#0"}
			}
		},
		{
			"from": [2, 5, 0],
			"to": [3, 15, 14],
			"rotation": {"angle": 0, "axis": "y", "origin": [-9, 8, 7]},
			"faces": {
				"north": {"uv": [4, 7, 4.125, 8.25], "texture": "#0"},
				"east": {"uv": [0, 4.5, 1.75, 5.75], "texture": "#0"},
				"south": {"uv": [4.125, 7, 4.25, 8.25], "texture": "#0"},
				"west": {"uv": [4.875, 0, 6.625, 1.25], "texture": "#0"},
				"up": {"uv": [3.125, 8.75, 3, 7], "texture": "#0"},
				"down": {"uv": [3.25, 7, 3.125, 8.75], "texture": "#0"}
			}
		},
		{
			"from": [14, 16, 3],
			"to": [16, 18, 15],
			"rotation": {"angle": 0, "axis": "y", "origin": [3, 20, 7]},
			"faces": {
				"north": {"uv": [7.5, 6.5, 7.75, 6.75], "texture": "#0"},
				"east": {"uv": [6.625, 0, 8.125, 0.25], "texture": "#0"},
				"south": {"uv": [7.5, 7, 7.75, 7.25], "texture": "#0"},
				"west": {"uv": [6.625, 0.25, 8.125, 0.5], "texture": "#0"},
				"up": {"uv": [2.125, 8, 1.875, 6.5], "texture": "#0"},
				"down": {"uv": [2.375, 6.5, 2.125, 8], "texture": "#0"}
			}
		},
		{
			"from": [13, 16, 0],
			"to": [16, 19, 1],
			"rotation": {"angle": 0, "axis": "y", "origin": [3, 20, -7]},
			"faces": {
				"north": {"uv": [1.875, 3.25, 2.25, 3.625], "texture": "#0"},
				"east": {"uv": [0.625, 7.75, 0.75, 8.125], "texture": "#0"},
				"south": {"uv": [2.25, 3.25, 2.625, 3.625], "texture": "#0"},
				"west": {"uv": [0.75, 7.75, 0.875, 8.125], "texture": "#0"},
				"up": {"uv": [8.125, 1.375, 7.75, 1.25], "texture": "#0"},
				"down": {"uv": [8.125, 1.375, 7.75, 1.5], "texture": "#0"}
			}
		},
		{
			"from": [13, 16, 1],
			"to": [16, 17, 2],
			"rotation": {"angle": 0, "axis": "y", "origin": [3, 20, -8]},
			"faces": {
				"north": {"uv": [7.75, 1.5, 8.125, 1.625], "texture": "#0"},
				"east": {"uv": [6.625, 8, 6.75, 8.125], "texture": "#0"},
				"south": {"uv": [7.75, 1.625, 8.125, 1.75], "texture": "#0"},
				"west": {"uv": [6.75, 8, 6.875, 8.125], "texture": "#0"},
				"up": {"uv": [8.125, 1.875, 7.75, 1.75], "texture": "#0"},
				"down": {"uv": [8.125, 1.875, 7.75, 2], "texture": "#0"}
			}
		},
		{
			"from": [13, 17, 1],
			"to": [14, 19, 2],
			"rotation": {"angle": 0, "axis": "y", "origin": [3, 20, -8]},
			"faces": {
				"north": {"uv": [1.625, 6.25, 1.75, 6.5], "texture": "#0"},
				"east": {"uv": [2.875, 6.5, 3, 6.75], "texture": "#0"},
				"south": {"uv": [6.875, 7.875, 7, 8.125], "texture": "#0"},
				"west": {"uv": [7, 7.875, 7.125, 8.125], "texture": "#0"},
				"up": {"uv": [8.125, 6.875, 8, 6.75], "texture": "#0"},
				"down": {"uv": [7.25, 8, 7.125, 8.125], "texture": "#0"}
			}
		},
		{
			"from": [15, 17, 1],
			"to": [16, 19, 2],
			"rotation": {"angle": 0, "axis": "y", "origin": [5, 20, -8]},
			"faces": {
				"north": {"uv": [7.875, 7.5, 8, 7.75], "texture": "#0"},
				"east": {"uv": [7.625, 7.875, 7.75, 8.125], "texture": "#0"},
				"south": {"uv": [7.75, 7.875, 7.875, 8.125], "texture": "#0"},
				"west": {"uv": [7.875, 7.875, 8, 8.125], "texture": "#0"},
				"up": {"uv": [7.375, 8.125, 7.25, 8], "texture": "#0"},
				"down": {"uv": [8.125, 7.25, 8, 7.375], "texture": "#0"}
			}
		},
		{
			"from": [13, 16, 2],
			"to": [16, 19, 3],
			"rotation": {"angle": 0, "axis": "y", "origin": [3, 20, -5]},
			"faces": {
				"north": {"uv": [2.625, 3.25, 3, 3.625], "texture": "#0"},
				"east": {"uv": [7.75, 5, 7.875, 5.375], "texture": "#0"},
				"south": {"uv": [0.875, 7.125, 1.25, 7.5], "texture": "#0"},
				"west": {"uv": [7.75, 5.375, 7.875, 5.75], "texture": "#0"},
				"up": {"uv": [8.125, 2.125, 7.75, 2], "texture": "#0"},
				"down": {"uv": [8.125, 2.125, 7.75, 2.25], "texture": "#0"}
			}
		},
		{
			"from": [14, 15, 11],
			"to": [16, 16, 15],
			"rotation": {"angle": 0, "axis": "y", "origin": [3, 19, 7]},
			"faces": {
				"north": {"uv": [7.875, 6.625, 8.125, 6.75], "texture": "#0"},
				"east": {"uv": [6.125, 2.625, 6.625, 2.75], "texture": "#0"},
				"south": {"uv": [0.875, 8, 1.125, 8.125], "texture": "#0"},
				"west": {"uv": [7.5, 6.75, 8, 6.875], "texture": "#0"},
				"up": {"uv": [1.125, 8, 0.875, 7.5], "texture": "#0"},
				"down": {"uv": [1.375, 7.5, 1.125, 8], "texture": "#0"}
			}
		},
		{
			"from": [0, 16, 2],
			"to": [3, 19, 3],
			"rotation": {"angle": 0, "axis": "y", "origin": [-10, 20, -5]},
			"faces": {
				"north": {"uv": [1.25, 7.125, 1.625, 7.5], "texture": "#0"},
				"east": {"uv": [7.75, 6, 7.875, 6.375], "texture": "#0"},
				"south": {"uv": [7.125, 7, 7.5, 7.375], "texture": "#0"},
				"west": {"uv": [7.75, 6.375, 7.875, 6.75], "texture": "#0"},
				"up": {"uv": [8.125, 7.125, 7.75, 7], "texture": "#0"},
				"down": {"uv": [8.125, 7.125, 7.75, 7.25], "texture": "#0"}
			}
		},
		{
			"from": [2, 17, 1],
			"to": [3, 19, 2],
			"rotation": {"angle": 0, "axis": "y", "origin": [-8, 20, -8]},
			"faces": {
				"north": {"uv": [1.125, 8, 1.25, 8.25], "texture": "#0"},
				"east": {"uv": [1.25, 8, 1.375, 8.25], "texture": "#0"},
				"south": {"uv": [1.375, 8, 1.5, 8.25], "texture": "#0"},
				"west": {"uv": [1.5, 8, 1.625, 8.25], "texture": "#0"},
				"up": {"uv": [7.5, 8.125, 7.375, 8], "texture": "#0"},
				"down": {"uv": [7.625, 8, 7.5, 8.125], "texture": "#0"}
			}
		},
		{
			"from": [0, 17, 1],
			"to": [1, 19, 2],
			"rotation": {"angle": 0, "axis": "y", "origin": [-10, 20, -8]},
			"faces": {
				"north": {"uv": [1.875, 8, 2, 8.25], "texture": "#0"},
				"east": {"uv": [2, 8, 2.125, 8.25], "texture": "#0"},
				"south": {"uv": [2.125, 8, 2.25, 8.25], "texture": "#0"},
				"west": {"uv": [2.25, 8, 2.375, 8.25], "texture": "#0"},
				"up": {"uv": [8.125, 7.625, 8, 7.5], "texture": "#0"},
				"down": {"uv": [8.125, 7.625, 8, 7.75], "texture": "#0"}
			}
		},
		{
			"from": [0, 16, 1],
			"to": [3, 17, 2],
			"rotation": {"angle": 0, "axis": "y", "origin": [-10, 20, -8]},
			"faces": {
				"north": {"uv": [7.625, 7.75, 8, 7.875], "texture": "#0"},
				"east": {"uv": [8, 7.75, 8.125, 7.875], "texture": "#0"},
				"south": {"uv": [7.875, 2.25, 8.25, 2.375], "texture": "#0"},
				"west": {"uv": [8, 7.875, 8.125, 8], "texture": "#0"},
				"up": {"uv": [8.25, 2.5, 7.875, 2.375], "texture": "#0"},
				"down": {"uv": [8.25, 5, 7.875, 5.125], "texture": "#0"}
			}
		},
		{
			"from": [0, 16, 0],
			"to": [3, 19, 1],
			"rotation": {"angle": 0, "axis": "y", "origin": [-10, 20, -7]},
			"faces": {
				"north": {"uv": [7.375, 5, 7.75, 5.375], "texture": "#0"},
				"east": {"uv": [7.875, 5.125, 8, 5.5], "texture": "#0"},
				"south": {"uv": [7.375, 5.375, 7.75, 5.75], "texture": "#0"},
				"west": {"uv": [7.875, 6, 8, 6.375], "texture": "#0"},
				"up": {"uv": [8.25, 5.625, 7.875, 5.5], "texture": "#0"},
				"down": {"uv": [8.25, 5.625, 7.875, 5.75], "texture": "#0"}
			}
		},
		{
			"from": [0, 16, 3],
			"to": [2, 18, 15],
			"rotation": {"angle": 0, "axis": "y", "origin": [-10, 20, 7]},
			"faces": {
				"north": {"uv": [7.625, 2.25, 7.875, 2.5], "texture": "#0"},
				"east": {"uv": [6.625, 0.5, 8.125, 0.75], "texture": "#0"},
				"south": {"uv": [7.625, 7.5, 7.875, 7.75], "texture": "#0"},
				"west": {"uv": [6.625, 0.75, 8.125, 1], "texture": "#0"},
				"up": {"uv": [2.625, 8, 2.375, 6.5], "texture": "#0"},
				"down": {"uv": [2.875, 6.5, 2.625, 8], "texture": "#0"}
			}
		},
		{
			"from": [2, 16, 3],
			"to": [3, 18, 14],
			"rotation": {"angle": 0, "axis": "y", "origin": [-9, 20, 7]},
			"faces": {
				"north": {"uv": [2.375, 8, 2.5, 8.25], "texture": "#0"},
				"east": {"uv": [6.875, 2.625, 8.25, 2.875], "texture": "#0"},
				"south": {"uv": [2.5, 8, 2.625, 8.25], "texture": "#0"},
				"west": {"uv": [6.875, 2.875, 8.25, 3.125], "texture": "#0"},
				"up": {"uv": [3.375, 8.375, 3.25, 7], "texture": "#0"},
				"down": {"uv": [3.5, 7, 3.375, 8.375], "texture": "#0"}
			}
		},
		{
			"from": [13, 16, 3],
			"to": [14, 18, 14],
			"rotation": {"angle": 0, "axis": "y", "origin": [1, 20, 7]},
			"faces": {
				"north": {"uv": [2.625, 8, 2.75, 8.25], "texture": "#0"},
				"east": {"uv": [6.875, 3.125, 8.25, 3.375], "texture": "#0"},
				"south": {"uv": [2.75, 8, 2.875, 8.25], "texture": "#0"},
				"west": {"uv": [6.875, 3.375, 8.25, 3.625], "texture": "#0"},
				"up": {"uv": [3.625, 8.375, 3.5, 7], "texture": "#0"},
				"down": {"uv": [3.75, 7, 3.625, 8.375], "texture": "#0"}
			}
		},
		{
			"from": [0, 15, 11],
			"to": [2, 16, 15],
			"rotation": {"angle": 0, "axis": "y", "origin": [-12, 19, 7]},
			"faces": {
				"north": {"uv": [4.25, 8, 4.5, 8.125], "texture": "#0"},
				"east": {"uv": [7.5, 7.25, 8, 7.375], "texture": "#0"},
				"south": {"uv": [8, 5.125, 8.25, 5.25], "texture": "#0"},
				"west": {"uv": [7.625, 2.5, 8.125, 2.625], "texture": "#0"},
				"up": {"uv": [1.625, 8, 1.375, 7.5], "texture": "#0"},
				"down": {"uv": [7.75, 6, 7.5, 6.5], "texture": "#0"}
			}
		},
		{
			"from": [0, 5, 0],
			"to": [2, 15, 15],
			"rotation": {"angle": 0, "axis": "y", "origin": [-10, 8, 7]},
			"faces": {
				"north": {"uv": [6.125, 6.875, 6.375, 8.125], "texture": "#0"},
				"east": {"uv": [3, 2.5, 4.875, 3.75], "texture": "#0"},
				"south": {"uv": [6.375, 6.875, 6.625, 8.125], "texture": "#0"},
				"west": {"uv": [0, 3.25, 1.875, 4.5], "texture": "#0"},
				"up": {"uv": [5.25, 8.25, 5, 6.375], "texture": "#0"},
				"down": {"uv": [5.5, 6.375, 5.25, 8.25], "texture": "#0"}
			}
		},
		{
			"from": [2, 5, 12],
			"to": [14, 31, 15],
			"rotation": {"angle": 0, "axis": "y", "origin": [2, 7, 19]},
			"faces": {
				"north": {"uv": [0, 0, 1.5, 3.25], "texture": "#0"},
				"east": {"uv": [5.5, 5, 5.875, 8.25], "texture": "#0"},
				"south": {"uv": [1.5, 0, 3, 3.25], "texture": "#0"},
				"west": {"uv": [0, 5.75, 0.375, 9], "texture": "#0"},
				"up": {"uv": [4.5, 6.75, 3, 6.375], "texture": "#0"},
				"down": {"uv": [1.875, 6.5, 0.375, 6.875], "texture": "#0"}
			}
		},
		{
			"from": [2, 26, 10.5],
			"to": [14, 31, 12],
			"rotation": {"angle": 0, "axis": "y", "origin": [2, 8, 16]},
			"faces": {
				"north": {"uv": [5.875, 5, 7.375, 5.625], "texture": "#0"},
				"east": {"uv": [0.375, 7.125, 0.625, 7.75], "texture": "#0"},
				"south": {"uv": [5.875, 5.625, 7.375, 6.25], "texture": "#0"},
				"west": {"uv": [0.625, 7.125, 0.875, 7.75], "texture": "#0"},
				"up": {"uv": [8.125, 1.25, 6.625, 1], "texture": "#0"},
				"down": {"uv": [7.375, 6.625, 5.875, 6.875], "texture": "#0"}
			}
		},
		{
			"from": [2, 10, 11],
			"to": [14, 19, 12],
			"rotation": {"angle": 0, "axis": "y", "origin": [2, 7, 16]},
			"faces": {
				"north": {"uv": [5.375, 2.75, 6.875, 3.875], "texture": "#0"},
				"east": {"uv": [1.625, 7.125, 1.75, 8.25], "texture": "#0"},
				"south": {"uv": [5.375, 3.875, 6.875, 5], "texture": "#0"},
				"west": {"uv": [7.375, 5.75, 7.5, 6.875], "texture": "#0"},
				"up": {"uv": [8.375, 4.75, 6.875, 4.625], "texture": "#0"},
				"down": {"uv": [8.375, 4.75, 6.875, 4.875], "texture": "#0"}
			}
		},
		{
			"from": [2, 19, 11.5],
			"to": [14, 23, 12],
			"rotation": {"angle": 0, "axis": "y", "origin": [2, 16, 16]},
			"faces": {
				"north": {"uv": [6.125, 1.25, 7.625, 1.75], "texture": "#0"},
				"east": {"uv": [0.375, 7.75, 0.5, 8.25], "texture": "#0"},
				"south": {"uv": [6.125, 1.75, 7.625, 2.25], "texture": "#0"},
				"west": {"uv": [0.5, 7.75, 0.625, 8.25], "texture": "#0"},
				"up": {"uv": [8.375, 5, 6.875, 4.875], "texture": "#0"},
				"down": {"uv": [8.625, 6.875, 7.125, 7], "texture": "#0"}
			}
		}
	],
	"display": {
		"thirdperson_righthand": {
			"scale": [0.5, 0.5, 0.5]
		},
		"thirdperson_lefthand": {
			"scale": [0.5, 0.5, 0.5]
		},
		"firstperson_righthand": {
			"scale": [0.5, 0.5, 0.5]
		},
		"firstperson_lefthand": {
			"scale": [0.5, 0.5, 0.5]
		},
		"gui": {
			"rotation": [-158, 0, 180],
			"scale": [0.5, 0.5, 0.5]
		},
		"head": {
			"rotation": [0, 180, 0],
			"translation": [0, -13.25, 0],
			"scale": [2.3, 2.3, 2.3]
		}
	},
	"groups": [
		{
			"name": "movie_chair",
			"origin": [8, 8, 8],
			"color": 0,
			"children": [0, 1, 2, 3, 4, 5, 6, 7, 8, 9, 10, 11, 12, 13, 14, 15, 16, 17, 18, 19, 20, 21, 22, 23, 24, 25, 26, 27, 28, 29, 30]
		}
	]
}