{
	"credit": "Made with Blockbench",
	"texture_size": [64, 64],
	"textures": {
		"0": "furniturepack:plate",
		"particle": "furniturepack:plate"
	},
	"elements": [
		{
			"from": [0, 1, 1],
			"to": [1, 2, 16],
			"rotation": {"angle": 0, "axis": "y", "origin": [7, 1, 7]},
			"faces": {
				"north": {"uv": [3.5, 4.5, 3.75, 4.75], "texture": "#0"},
				"east": {"uv": [4, 0.5, 7.75, 0.75], "texture": "#0"},
				"south": {"uv": [3.75, 4.5, 4, 4.75], "texture": "#0"},
				"west": {"uv": [4, 0.75, 7.75, 1], "texture": "#0"},
				"up": {"uv": [4.25, 4.75, 4, 1], "texture": "#0"},
				"down": {"uv": [4.5, 1, 4.25, 4.75], "texture": "#0"}
			}
		},
		{
			"from": [1, 1, 15],
			"to": [16, 2, 16],
			"rotation": {"angle": 0, "axis": "y", "origin": [7, 1, 8]},
			"faces": {
				"north": {"uv": [4.5, 1, 8.25, 1.25], "texture": "#0"},
				"east": {"uv": [4.5, 4, 4.75, 4.25], "texture": "#0"},
				"south": {"uv": [4.5, 1.25, 8.25, 1.5], "texture": "#0"},
				"west": {"uv": [4.5, 4.25, 4.75, 4.5], "texture": "#0"},
				"up": {"uv": [8.25, 1.75, 4.5, 1.5], "texture": "#0"},
				"down": {"uv": [8.25, 1.75, 4.5, 2], "texture": "#0"}
			}
		},
		{
			"from": [15, 1, 0],
			"to": [16, 2, 15],
			"rotation": {"angle": 0, "axis": "y", "origin": [7, 1, 8]},
			"faces": {
				"north": {"uv": [3.5, 4.25, 3.75, 4.5], "texture": "#0"},
				"east": {"uv": [3.5, 0, 7.25, 0.25], "texture": "#0"},
				"south": {"uv": [3.75, 4.25, 4, 4.5], "texture": "#0"},
				"west": {"uv": [3.5, 0.25, 7.25, 0.5], "texture": "#0"},
				"up": {"uv": [3.75, 4.25, 3.5, 0.5], "texture": "#0"},
				"down": {"uv": [4, 0.5, 3.75, 4.25], "texture": "#0"}
			}
		},
		{
			"from": [0, 1, 0],
			"to": [15, 2, 1],
			"rotation": {"angle": 0, "axis": "y", "origin": [7, 1, 8]},
			"faces": {
				"north": {"uv": [4.5, 2, 8.25, 2.25], "texture": "#0"},
				"east": {"uv": [4.5, 4.5, 4.75, 4.75], "texture": "#0"},
				"south": {"uv": [4.5, 2.25, 8.25, 2.5], "texture": "#0"},
				"west": {"uv": [3.5, 4.75, 3.75, 5], "texture": "#0"},
				"up": {"uv": [8.25, 2.75, 4.5, 2.5], "texture": "#0"},
				"down": {"uv": [8.25, 2.75, 4.5, 3], "texture": "#0"}
			}
		},
		{
			"from": [1, 0, 1],
			"to": [15, 1, 15],
			"rotation": {"angle": 0, "axis": "y", "origin": [7, 0, 7]},
			"faces": {
				"north": {"uv": [4.5, 3, 8, 3.25], "texture": "#0"},
				"east": {"uv": [4.5, 3.25, 8, 3.5], "texture": "#0"},
				"south": {"uv": [4.5, 3.5, 8, 3.75], "texture": "#0"},
				"west": {"uv": [4.5, 3.75, 8, 4], "texture": "#0"},
				"up": {"uv": [3.5, 3.5, 0, 0], "texture": "#0"},
				"down": {"uv": [3.5, 3.5, 0, 7], "texture": "#0"}
			}
		}
	],
	"display": {
		"thirdperson_righthand": {
			"translation": [0, 3, 0],
			"scale": [0.4, 0.4, 0.4]
		},
		"thirdperson_lefthand": {
			"translation": [0, 3, 0],
			"scale": [0.4, 0.4, 0.4]
		},
		"firstperson_righthand": {
			"translation": [0, 4.75, 0]
		},
		"firstperson_lefthand": {
			"translation": [0, 4.75, 0]
		},
		"gui": {
			"rotation": [-90, 0, 0],
			"scale": [0.4, 0.4, 0.4]
		},
		"head": {
			"translation": [0, -13, 0],
			"scale": [2.3, 2.3, 2.3]
		},
		"fixed": {
			"rotation": [-90, 0, 0],
			"translation": [0, 0, -16],
			"scale": [2, 2, 2]
		}
	},
	"groups": [
		{
			"name": "plate",
			"origin": [7, 1, 7],
			"color": 0,
			"boneType": "",
			"children": [0, 1, 2, 3, 4]
		}
	]
}