{
	"credit": "Made with Blockbench",
	"texture_size": [64, 64],
	"textures": {
		"0": "furniturepack:popcorn",
		"particle": "furniturepack:popcorn"
	},
	"elements": [
		{
			"from": [3, 0, 3],
			"to": [13, 7, 13],
			"rotation": {"angle": 0, "axis": "y", "origin": [7, 0, 7]},
			"faces": {
				"north": {"uv": [6, 4, 8.5, 5.75], "texture": "#0"},
				"east": {"uv": [6, 5.75, 8.5, 7.5], "texture": "#0"},
				"south": {"uv": [3, 7, 5.5, 8.75], "texture": "#0"},
				"west": {"uv": [5.5, 7.5, 8, 9.25], "texture": "#0"},
				"up": {"uv": [5.5, 2.5, 3, 0], "texture": "#0"},
				"down": {"uv": [5.5, 2.5, 3, 5], "texture": "#0"}
			}
		},
		{
			"from": [2, 7, 2],
			"to": [14, 15, 14],
			"rotation": {"angle": 0, "axis": "y", "origin": [7, 7, 7]},
			"faces": {
				"north": {"uv": [3, 5, 6, 7], "texture": "#0"},
				"east": {"uv": [5.5, 0, 8.5, 2], "texture": "#0"},
				"south": {"uv": [5.5, 2, 8.5, 4], "texture": "#0"},
				"west": {"uv": [0, 6, 3, 8], "texture": "#0"},
				"up": {"uv": [3, 3, 0, 0], "texture": "#0"},
				"down": {"uv": [3, 3, 0, 6], "texture": "#0"}
			}
		},
		{
			"from": [11, 15, 3],
			"to": [13, 17, 5],
			"rotation": {"angle": 0, "axis": "y", "origin": [11, 15, 3]},
			"faces": {
				"north": {"uv": [5.5, 7, 6, 7.5], "texture": "#0"},
				"east": {"uv": [8.5, 5.25, 9, 5.75], "texture": "#0"},
				"south": {"uv": [8.5, 5.75, 9, 6.25], "texture": "#0"},
				"west": {"uv": [8.5, 6.25, 9, 6.75], "texture": "#0"},
				"up": {"uv": [9, 7.25, 8.5, 6.75], "texture": "#0"},
				"down": {"uv": [9, 7.25, 8.5, 7.75], "texture": "#0"}
			}
		},
		{
			"from": [11, 15, 11],
			"to": [13, 17, 13],
			"rotation": {"angle": 0, "axis": "y", "origin": [11, 15, 11]},
			"faces": {
				"north": {"uv": [8.5, 7.75, 9, 8.25], "texture": "#0"},
				"east": {"uv": [8.5, 8.25, 9, 8.75], "texture": "#0"},
				"south": {"uv": [0, 8.75, 0.5, 9.25], "texture": "#0"},
				"west": {"uv": [0.5, 8.75, 1, 9.25], "texture": "#0"},
				"up": {"uv": [1.5, 9.25, 1, 8.75], "texture": "#0"},
				"down": {"uv": [2, 8.75, 1.5, 9.25], "texture": "#0"}
			}
		},
		{
			"from": [5, 15, 3],
			"to": [7, 17, 5],
			"rotation": {"angle": 0, "axis": "y", "origin": [5, 15, 3]},
			"faces": {
				"north": {"uv": [2, 8.75, 2.5, 9.25], "texture": "#0"},
				"east": {"uv": [2.5, 8.75, 3, 9.25], "texture": "#0"},
				"south": {"uv": [3, 8.75, 3.5, 9.25], "texture": "#0"},
				"west": {"uv": [3.5, 8.75, 4, 9.25], "texture": "#0"},
				"up": {"uv": [4.5, 9.25, 4, 8.75], "texture": "#0"},
				"down": {"uv": [5, 8.75, 4.5, 9.25], "texture": "#0"}
			}
		},
		{
			"from": [3, 15, 5],
			"to": [5, 17, 7],
			"rotation": {"angle": 0, "axis": "y", "origin": [3, 15, 5]},
			"faces": {
				"north": {"uv": [5, 8.75, 5.5, 9.25], "texture": "#0"},
				"east": {"uv": [8.5, 8.75, 9, 9.25], "texture": "#0"},
				"south": {"uv": [9, 0, 9.5, 0.5], "texture": "#0"},
				"west": {"uv": [9, 0.5, 9.5, 1], "texture": "#0"},
				"up": {"uv": [9.5, 1.5, 9, 1], "texture": "#0"},
				"down": {"uv": [9.5, 1.5, 9, 2], "texture": "#0"}
			}
		},
		{
			"from": [5, 15, 11],
			"to": [7, 17, 13],
			"rotation": {"angle": 0, "axis": "y", "origin": [5, 15, 11]},
			"faces": {
				"north": {"uv": [9, 2, 9.5, 2.5], "texture": "#0"},
				"east": {"uv": [9, 2.5, 9.5, 3], "texture": "#0"},
				"south": {"uv": [9, 3, 9.5, 3.5], "texture": "#0"},
				"west": {"uv": [9, 3.5, 9.5, 4], "texture": "#0"},
				"up": {"uv": [9.5, 4.5, 9, 4], "texture": "#0"},
				"down": {"uv": [9.5, 4.5, 9, 5], "texture": "#0"}
			}
		},
		{
			"from": [9, 15, 7],
			"to": [11, 17, 9],
			"rotation": {"angle": 0, "axis": "y", "origin": [9, 15, 7]},
			"faces": {
				"north": {"uv": [9, 5, 9.5, 5.5], "texture": "#0"},
				"east": {"uv": [9, 5.5, 9.5, 6], "texture": "#0"},
				"south": {"uv": [9, 6, 9.5, 6.5], "texture": "#0"},
				"west": {"uv": [9, 6.5, 9.5, 7], "texture": "#0"},
				"up": {"uv": [9.5, 7.5, 9, 7], "texture": "#0"},
				"down": {"uv": [9.5, 7.5, 9, 8], "texture": "#0"}
			}
		},
		{
			"from": [9, 14, 3],
			"to": [11, 16, 5],
			"rotation": {"angle": 0, "axis": "y", "origin": [9, 14, 3]},
			"faces": {
				"north": {"uv": [8, 9, 8.5, 9.5], "texture": "#0"},
				"east": {"uv": [9, 8, 9.5, 8.5], "texture": "#0"},
				"south": {"uv": [9, 8.5, 9.5, 9], "texture": "#0"},
				"west": {"uv": [9, 9, 9.5, 9.5], "texture": "#0"},
				"up": {"uv": [0.5, 9.75, 0, 9.25], "texture": "#0"},
				"down": {"uv": [1, 9.25, 0.5, 9.75], "texture": "#0"}
			}
		},
		{
			"from": [11, 14, 7],
			"to": [13, 16, 9],
			"rotation": {"angle": 0, "axis": "y", "origin": [11, 14, 7]},
			"faces": {
				"north": {"uv": [1, 9.25, 1.5, 9.75], "texture": "#0"},
				"east": {"uv": [1.5, 9.25, 2, 9.75], "texture": "#0"},
				"south": {"uv": [2, 9.25, 2.5, 9.75], "texture": "#0"},
				"west": {"uv": [2.5, 9.25, 3, 9.75], "texture": "#0"},
				"up": {"uv": [3.5, 9.75, 3, 9.25], "texture": "#0"},
				"down": {"uv": [4, 9.25, 3.5, 9.75], "texture": "#0"}
			}
		},
		{
			"from": [9, 14, 11],
			"to": [11, 16, 13],
			"rotation": {"angle": 0, "axis": "y", "origin": [9, 14, 11]},
			"faces": {
				"north": {"uv": [4, 9.25, 4.5, 9.75], "texture": "#0"},
				"east": {"uv": [4.5, 9.25, 5, 9.75], "texture": "#0"},
				"south": {"uv": [5, 9.25, 5.5, 9.75], "texture": "#0"},
				"west": {"uv": [5.5, 9.25, 6, 9.75], "texture": "#0"},
				"up": {"uv": [6.5, 9.75, 6, 9.25], "texture": "#0"},
				"down": {"uv": [7, 9.25, 6.5, 9.75], "texture": "#0"}
			}
		},
		{
			"from": [7, 14, 9],
			"to": [9, 17, 11],
			"rotation": {"angle": 0, "axis": "y", "origin": [7, 14, 9]},
			"faces": {
				"north": {"uv": [7, 9.25, 7.5, 9.75], "texture": "#0"},
				"east": {"uv": [7.5, 9.25, 8, 9.75], "texture": "#0"},
				"south": {"uv": [8.5, 9.25, 9, 9.75], "texture": "#0"},
				"west": {"uv": [9.5, 0, 10, 0.5], "texture": "#0"},
				"up": {"uv": [10, 1, 9.5, 0.5], "texture": "#0"},
				"down": {"uv": [10, 1, 9.5, 1.5], "texture": "#0"}
			}
		},
		{
			"from": [3, 14, 3],
			"to": [5, 16, 5],
			"rotation": {"angle": 0, "axis": "y", "origin": [3, 14, 3]},
			"faces": {
				"north": {"uv": [9.5, 1.5, 10, 2], "texture": "#0"},
				"east": {"uv": [9.5, 2, 10, 2.5], "texture": "#0"},
				"south": {"uv": [9.5, 2.5, 10, 3], "texture": "#0"},
				"west": {"uv": [9.5, 3, 10, 3.5], "texture": "#0"},
				"up": {"uv": [10, 4, 9.5, 3.5], "texture": "#0"},
				"down": {"uv": [10, 4, 9.5, 4.5], "texture": "#0"}
			}
		},
		{
			"from": [7, 14, 5],
			"to": [9, 16, 7],
			"rotation": {"angle": 0, "axis": "y", "origin": [7, 14, 5]},
			"faces": {
				"north": {"uv": [9.5, 4.5, 10, 5], "texture": "#0"},
				"east": {"uv": [9.5, 5, 10, 5.5], "texture": "#0"},
				"south": {"uv": [9.5, 5.5, 10, 6], "texture": "#0"},
				"west": {"uv": [9.5, 6, 10, 6.5], "texture": "#0"},
				"up": {"uv": [10, 7, 9.5, 6.5], "texture": "#0"},
				"down": {"uv": [10, 7, 9.5, 7.5], "texture": "#0"}
			}
		},
		{
			"from": [3, 14, 11],
			"to": [5, 16, 13],
			"rotation": {"angle": 0, "axis": "y", "origin": [3, 14, 11]},
			"faces": {
				"north": {"uv": [9.5, 7.5, 10, 8], "texture": "#0"},
				"east": {"uv": [8, 9.5, 8.5, 10], "texture": "#0"},
				"south": {"uv": [9.5, 8, 10, 8.5], "texture": "#0"},
				"west": {"uv": [9.5, 8.5, 10, 9], "texture": "#0"},
				"up": {"uv": [9.5, 10, 9, 9.5], "texture": "#0"},
				"down": {"uv": [10, 9, 9.5, 9.5], "texture": "#0"}
			}
		},
		{
			"from": [5, 14, 9],
			"to": [7, 16, 11],
			"rotation": {"angle": 0, "axis": "y", "origin": [5, 14, 9]},
			"faces": {
				"north": {"uv": [9.5, 9.5, 10, 10], "texture": "#0"},
				"east": {"uv": [0, 9.75, 0.5, 10.25], "texture": "#0"},
				"south": {"uv": [0.5, 9.75, 1, 10.25], "texture": "#0"},
				"west": {"uv": [1, 9.75, 1.5, 10.25], "texture": "#0"},
				"up": {"uv": [2, 10.25, 1.5, 9.75], "texture": "#0"},
				"down": {"uv": [2.5, 9.75, 2, 10.25], "texture": "#0"}
			}
		},
		{
			"from": [3, 14.5, 7],
			"to": [5, 16.5, 9],
			"rotation": {"angle": 0, "axis": "y", "origin": [3, 14, 7]},
			"faces": {
				"north": {"uv": [2.5, 9.75, 3, 10.25], "texture": "#0"},
				"east": {"uv": [3, 9.75, 3.5, 10.25], "texture": "#0"},
				"south": {"uv": [3.5, 9.75, 4, 10.25], "texture": "#0"},
				"west": {"uv": [4, 9.75, 4.5, 10.25], "texture": "#0"},
				"up": {"uv": [5, 10.25, 4.5, 9.75], "texture": "#0"},
				"down": {"uv": [5.5, 9.75, 5, 10.25], "texture": "#0"}
			}
		},
		{
			"from": [5, 14.5, 5],
			"to": [7, 16.5, 7],
			"rotation": {"angle": 0, "axis": "y", "origin": [5, 14, 5]},
			"faces": {
				"north": {"uv": [5.5, 9.75, 6, 10.25], "texture": "#0"},
				"east": {"uv": [6, 9.75, 6.5, 10.25], "texture": "#0"},
				"south": {"uv": [6.5, 9.75, 7, 10.25], "texture": "#0"},
				"west": {"uv": [7, 9.75, 7.5, 10.25], "texture": "#0"},
				"up": {"uv": [8, 10.25, 7.5, 9.75], "texture": "#0"},
				"down": {"uv": [9, 9.75, 8.5, 10.25], "texture": "#0"}
			}
		},
		{
			"from": [7, 14.5, 11],
			"to": [9, 16.5, 13],
			"rotation": {"angle": 0, "axis": "y", "origin": [7, 14, 11]},
			"faces": {
				"north": {"uv": [10, 0, 10.5, 0.5], "texture": "#0"},
				"east": {"uv": [10, 0.5, 10.5, 1], "texture": "#0"},
				"south": {"uv": [10, 1, 10.5, 1.5], "texture": "#0"},
				"west": {"uv": [10, 1.5, 10.5, 2], "texture": "#0"},
				"up": {"uv": [10.5, 2.5, 10, 2], "texture": "#0"},
				"down": {"uv": [10.5, 2.5, 10, 3], "texture": "#0"}
			}
		},
		{
			"from": [9, 14.5, 9],
			"to": [11, 16.5, 11],
			"rotation": {"angle": 0, "axis": "y", "origin": [9, 14, 9]},
			"faces": {
				"north": {"uv": [10, 3, 10.5, 3.5], "texture": "#0"},
				"east": {"uv": [10, 3.5, 10.5, 4], "texture": "#0"},
				"south": {"uv": [10, 4, 10.5, 4.5], "texture": "#0"},
				"west": {"uv": [10, 4.5, 10.5, 5], "texture": "#0"},
				"up": {"uv": [10.5, 5.5, 10, 5], "texture": "#0"},
				"down": {"uv": [10.5, 5.5, 10, 6], "texture": "#0"}
			}
		},
		{
			"from": [3, 14.5, 9],
			"to": [5, 17.5, 11],
			"rotation": {"angle": 0, "axis": "y", "origin": [3, 14, 9]},
			"faces": {
				"north": {"uv": [5.5, 4, 6, 4.75], "texture": "#0"},
				"east": {"uv": [0, 8, 0.5, 8.75], "texture": "#0"},
				"south": {"uv": [0.5, 8, 1, 8.75], "texture": "#0"},
				"west": {"uv": [1, 8, 1.5, 8.75], "texture": "#0"},
				"up": {"uv": [10.5, 6.5, 10, 6], "texture": "#0"},
				"down": {"uv": [10.5, 6.5, 10, 7], "texture": "#0"}
			}
		},
		{
			"from": [5, 14.5, 7],
			"to": [7, 17.5, 9],
			"rotation": {"angle": 0, "axis": "y", "origin": [5, 14, 7]},
			"faces": {
				"north": {"uv": [1.5, 8, 2, 8.75], "texture": "#0"},
				"east": {"uv": [2, 8, 2.5, 8.75], "texture": "#0"},
				"south": {"uv": [2.5, 8, 3, 8.75], "texture": "#0"},
				"west": {"uv": [8, 7.5, 8.5, 8.25], "texture": "#0"},
				"up": {"uv": [10.5, 7.5, 10, 7], "texture": "#0"},
				"down": {"uv": [10.5, 7.5, 10, 8], "texture": "#0"}
			}
		},
		{
			"from": [11, 14.5, 9],
			"to": [13, 17.5, 11],
			"rotation": {"angle": 0, "axis": "y", "origin": [11, 14, 9]},
			"faces": {
				"north": {"uv": [8, 8.25, 8.5, 9], "texture": "#0"},
				"east": {"uv": [8.5, 0, 9, 0.75], "texture": "#0"},
				"south": {"uv": [8.5, 0.75, 9, 1.5], "texture": "#0"},
				"west": {"uv": [8.5, 1.5, 9, 2.25], "texture": "#0"},
				"up": {"uv": [8.5, 10.5, 8, 10], "texture": "#0"},
				"down": {"uv": [10.5, 8, 10, 8.5], "texture": "#0"}
			}
		},
		{
			"from": [9, 14.5, 5],
			"to": [11, 17.5, 7],
			"rotation": {"angle": 0, "axis": "y", "origin": [9, 14, 5]},
			"faces": {
				"north": {"uv": [8.5, 2.25, 9, 3], "texture": "#0"},
				"east": {"uv": [8.5, 3, 9, 3.75], "texture": "#0"},
				"south": {"uv": [8.5, 3.75, 9, 4.5], "texture": "#0"},
				"west": {"uv": [8.5, 4.5, 9, 5.25], "texture": "#0"},
				"up": {"uv": [10.5, 9, 10, 8.5], "texture": "#0"},
				"down": {"uv": [9.5, 10, 9, 10.5], "texture": "#0"}
			}
		},
		{
			"from": [7, 14.5, 3],
			"to": [9, 16.5, 5],
			"rotation": {"angle": 0, "axis": "y", "origin": [7, 14, 3]},
			"faces": {
				"north": {"uv": [10, 9, 10.5, 9.5], "texture": "#0"},
				"east": {"uv": [9.5, 10, 10, 10.5], "texture": "#0"},
				"south": {"uv": [10, 9.5, 10.5, 10], "texture": "#0"},
				"west": {"uv": [10, 10, 10.5, 10.5], "texture": "#0"},
				"up": {"uv": [0.5, 10.75, 0, 10.25], "texture": "#0"},
				"down": {"uv": [1, 10.25, 0.5, 10.75], "texture": "#0"}
			}
		},
		{
			"from": [11, 14.5, 5],
			"to": [13, 16.5, 7],
			"rotation": {"angle": 0, "axis": "y", "origin": [11, 14, 5]},
			"faces": {
				"north": {"uv": [1, 10.25, 1.5, 10.75], "texture": "#0"},
				"east": {"uv": [1.5, 10.25, 2, 10.75], "texture": "#0"},
				"south": {"uv": [2, 10.25, 2.5, 10.75], "texture": "#0"},
				"west": {"uv": [2.5, 10.25, 3, 10.75], "texture": "#0"},
				"up": {"uv": [3.5, 10.75, 3, 10.25], "texture": "#0"},
				"down": {"uv": [4, 10.25, 3.5, 10.75], "texture": "#0"}
			}
		},
		{
			"from": [7, 14.5, 7],
			"to": [9, 16.5, 9],
			"rotation": {"angle": 0, "axis": "y", "origin": [7, 14, 7]},
			"faces": {
				"north": {"uv": [4, 10.25, 4.5, 10.75], "texture": "#0"},
				"east": {"uv": [4.5, 10.25, 5, 10.75], "texture": "#0"},
				"south": {"uv": [5, 10.25, 5.5, 10.75], "texture": "#0"},
				"west": {"uv": [5.5, 10.25, 6, 10.75], "texture": "#0"},
				"up": {"uv": [6.5, 10.75, 6, 10.25], "texture": "#0"},
				"down": {"uv": [7, 10.25, 6.5, 10.75], "texture": "#0"}
			}
		}
	],
	"display": {
		"thirdperson_righthand": {
			"scale": [0.7, 0.7, 0.7]
		},
		"thirdperson_lefthand": {
			"scale": [0.7, 0.7, 0.7]
		},
		"firstperson_righthand": {
			"scale": [0.7, 0.7, 0.7]
		},
		"firstperson_lefthand": {
			"scale": [0.7, 0.7, 0.7]
		},
		"gui": {
			"rotation": [8.5, 0, 0]
		},
		"head": {
			"translation": [0, -14.5, -8.75],
			"scale": [1.2, 1.2, 1.2]
		},
		"fixed": {
			"rotation": [-90, 0, 0],
			"translation": [0, 0, -16],
			"scale": [2, 2, 2]
		}
	},
	"groups": [
		{
			"name": "popcorn",
			"origin": [5, 14, 9],
			"color": 0,
			"children": [0, 1, 2, 3, 4, 5, 6, 7, 8, 9, 10, 11, 12, 13, 14, 15, 16, 17, 18, 19, 20, 21, 22, 23, 24, 25, 26]
		}
	]
}