{
	"credit": "Made with Blockbench",
	"texture_size": [64, 64],
	"textures": {
		"0": "furniturepack:snowball",
		"particle": "furniturepack:snowball"
	},
	"elements": [
		{
			"from": [3, 10, 3],
			"to": [13, 10, 13],
			"rotation": {"angle": 0, "axis": "y", "origin": [3, 2, 3]},
			"faces": {
				"north": {"uv": [0, 0, 2.5, 0], "texture": "#0"},
				"east": {"uv": [0, 0, 2.5, 0], "texture": "#0"},
				"south": {"uv": [0, 0, 2.5, 0], "texture": "#0"},
				"west": {"uv": [0, 0, 2.5, 0], "texture": "#0"},
				"up": {"uv": [5.5, 2.5, 3, 0], "texture": "#0"},
				"down": {"uv": [5.5, 2.5, 3, 5], "texture": "#0"}
			}
		},
		{
			"from": [13, 2, 3],
			"to": [13, 10, 13],
			"rotation": {"angle": 0, "axis": "y", "origin": [3, 2, 3]},
			"faces": {
				"north": {"uv": [0, 0, 0, 2], "texture": "#0"},
				"east": {"uv": [3, 5, 5.5, 7], "texture": "#0"},
				"south": {"uv": [0, 0, 0, 2], "texture": "#0"},
				"west": {"uv": [5.5, 0, 8, 2], "texture": "#0"},
				"up": {"uv": [0, 2.5, 0, 0], "texture": "#0"},
				"down": {"uv": [0, 0, 0, 2.5], "texture": "#0"}
			}
		},
		{
			"from": [3, 2, 13],
			"to": [13, 10, 13],
			"rotation": {"angle": 0, "axis": "y", "origin": [3, 2, 3]},
			"faces": {
				"north": {"uv": [5.5, 2, 8, 4], "texture": "#0"},
				"east": {"uv": [0, 0, 0, 2], "texture": "#0"},
				"south": {"uv": [5.5, 4, 8, 6], "texture": "#0"},
				"west": {"uv": [0, 0, 0, 2], "texture": "#0"},
				"up": {"uv": [2.5, 0, 0, 0], "texture": "#0"},
				"down": {"uv": [2.5, 0, 0, 0], "texture": "#0"}
			}
		},
		{
			"from": [3, 2, 3],
			"to": [13, 10, 3],
			"rotation": {"angle": 0, "axis": "y", "origin": [3, 2, 3]},
			"faces": {
				"north": {"uv": [0, 6, 2.5, 8], "texture": "#0"},
				"east": {"uv": [0, 0, 0, 2], "texture": "#0"},
				"south": {"uv": [5.5, 6, 8, 8], "texture": "#0"},
				"west": {"uv": [0, 0, 0, 2], "texture": "#0"},
				"up": {"uv": [2.5, 0, 0, 0], "texture": "#0"},
				"down": {"uv": [2.5, 0, 0, 0], "texture": "#0"}
			}
		},
		{
			"from": [3, 2, 3],
			"to": [3, 10, 13],
			"rotation": {"angle": 0, "axis": "y", "origin": [3, 2, 3]},
			"faces": {
				"north": {"uv": [0, 0, 0, 2], "texture": "#0"},
				"east": {"uv": [2.5, 7, 5, 9], "texture": "#0"},
				"south": {"uv": [0, 0, 0, 2], "texture": "#0"},
				"west": {"uv": [0, 8, 2.5, 10], "texture": "#0"},
				"up": {"uv": [0, 2.5, 0, 0], "texture": "#0"},
				"down": {"uv": [0, 0, 0, 2.5], "texture": "#0"}
			}
		},
		{
			"from": [6, 5, 10],
			"to": [7, 6, 11],
			"rotation": {"angle": 0, "axis": "y", "origin": [5, 5, 9]},
			"faces": {
				"north": {"uv": [8.25, 7.5, 8.5, 7.75], "texture": "#0"},
				"east": {"uv": [8.25, 7.75, 8.5, 8], "texture": "#0"},
				"south": {"uv": [8.25, 8, 8.5, 8.25], "texture": "#0"},
				"west": {"uv": [8.25, 8.25, 8.5, 8.5], "texture": "#0"},
				"up": {"uv": [8.75, 3.75, 8.5, 3.5], "texture": "#0"},
				"down": {"uv": [8.75, 3.75, 8.5, 4], "texture": "#0"}
			}
		},
		{
			"from": [5.5, 4, 9.5],
			"to": [7.5, 5, 11.5],
			"rotation": {"angle": 0, "axis": "y", "origin": [5, 4, 9]},
			"faces": {
				"north": {"uv": [8, 6.75, 8.5, 7], "texture": "#0"},
				"east": {"uv": [8, 7, 8.5, 7.25], "texture": "#0"},
				"south": {"uv": [7.25, 8, 7.75, 8.25], "texture": "#0"},
				"west": {"uv": [8, 7.25, 8.5, 7.5], "texture": "#0"},
				"up": {"uv": [3, 6.5, 2.5, 6], "texture": "#0"},
				"down": {"uv": [3, 6.5, 2.5, 7], "texture": "#0"}
			}
		},
		{
			"from": [5, 3, 9],
			"to": [8, 4, 12],
			"rotation": {"angle": 0, "axis": "y", "origin": [5, 3, 9]},
			"faces": {
				"north": {"uv": [8, 6, 8.75, 6.25], "texture": "#0"},
				"east": {"uv": [8, 6.25, 8.75, 6.5], "texture": "#0"},
				"south": {"uv": [6.5, 8, 7.25, 8.25], "texture": "#0"},
				"west": {"uv": [8, 6.5, 8.75, 6.75], "texture": "#0"},
				"up": {"uv": [8.75, 2.75, 8, 2], "texture": "#0"},
				"down": {"uv": [8.75, 2.75, 8, 3.5], "texture": "#0"}
			}
		},
		{
			"from": [6, 2, 10],
			"to": [7, 3, 11],
			"rotation": {"angle": 0, "axis": "y", "origin": [5, 2, 9]},
			"faces": {
				"north": {"uv": [8.5, 4, 8.75, 4.25], "texture": "#0"},
				"east": {"uv": [8.5, 4.25, 8.75, 4.5], "texture": "#0"},
				"south": {"uv": [8.5, 4.5, 8.75, 4.75], "texture": "#0"},
				"west": {"uv": [8.5, 4.75, 8.75, 5], "texture": "#0"},
				"up": {"uv": [5.25, 8.75, 5, 8.5], "texture": "#0"},
				"down": {"uv": [8.75, 5, 8.5, 5.25], "texture": "#0"}
			}
		},
		{
			"from": [12, 3.5, 10],
			"to": [12.1, 5.4, 12],
			"rotation": {"angle": 45, "axis": "z", "origin": [12, 4, 10]},
			"faces": {
				"north": {"uv": [8, 7.5, 8.25, 8], "texture": "#0"},
				"east": {"uv": [5, 7, 5.5, 7.5], "texture": "#0"},
				"south": {"uv": [7.75, 8, 8, 8.5], "texture": "#0"},
				"west": {"uv": [5, 7.5, 5.5, 8], "texture": "#0"},
				"up": {"uv": [8.25, 8.5, 8, 8], "texture": "#0"},
				"down": {"uv": [6.75, 8.25, 6.5, 8.75], "texture": "#0"}
			}
		},
		{
			"from": [10, 3.5, 10],
			"to": [10.1, 5.5, 12],
			"rotation": {"angle": -45, "axis": "z", "origin": [10, 4, 10]},
			"faces": {
				"north": {"uv": [6.75, 8.25, 7, 8.75], "texture": "#0"},
				"east": {"uv": [8, 3.5, 8.5, 4], "texture": "#0"},
				"south": {"uv": [7, 8.25, 7.25, 8.75], "texture": "#0"},
				"west": {"uv": [8, 4, 8.5, 4.5], "texture": "#0"},
				"up": {"uv": [7.5, 8.75, 7.25, 8.25], "texture": "#0"},
				"down": {"uv": [7.75, 8.25, 7.5, 8.75], "texture": "#0"}
			}
		},
		{
			"from": [10, 2, 10],
			"to": [12, 4, 12],
			"rotation": {"angle": 0, "axis": "y", "origin": [10, 2, 10]},
			"faces": {
				"north": {"uv": [8, 4.5, 8.5, 5], "texture": "#0"},
				"east": {"uv": [5, 8, 5.5, 8.5], "texture": "#0"},
				"south": {"uv": [8, 5, 8.5, 5.5], "texture": "#0"},
				"west": {"uv": [5.5, 8, 6, 8.5], "texture": "#0"},
				"up": {"uv": [8.5, 6, 8, 5.5], "texture": "#0"},
				"down": {"uv": [6.5, 8, 6, 8.5], "texture": "#0"}
			}
		},
		{
			"from": [2, 0, 2],
			"to": [14, 2, 14],
			"rotation": {"angle": 0, "axis": "y", "origin": [7, 0, 7]},
			"faces": {
				"north": {"uv": [8, 0, 11, 0.5], "texture": "#0"},
				"east": {"uv": [8, 0.5, 11, 1], "texture": "#0"},
				"south": {"uv": [8, 1, 11, 1.5], "texture": "#0"},
				"west": {"uv": [8, 1.5, 11, 2], "texture": "#0"},
				"up": {"uv": [3, 3, 0, 0], "texture": "#0"},
				"down": {"uv": [3, 3, 0, 6], "texture": "#0"}
			}
		}
	],
	"display": {
		"thirdperson_righthand": {
			"scale": [0.4, 0.4, 0.4]
		},
		"thirdperson_lefthand": {
			"scale": [0.4, 0.4, 0.4]
		},
		"firstperson_righthand": {
			"scale": [0.4, 0.4, 0.4]
		},
		"firstperson_lefthand": {
			"scale": [0.4, 0.4, 0.4]
		},
		"head": {
			"rotation": [-180, -180, -180],
			"translation": [0, -12.8, 0],
			"scale": [2.3, 2.3, 2.3]
		}
	},
	"groups": [
		{
			"name": "snowball",
			"origin": [3, 2, 3],
			"color": 0,
			"children": [0, 1, 2, 3, 4, 5, 6, 7, 8, 9, 10, 11, 12]
		}
	]
}