{
	"credit": "Made with Blockbench",
	"texture_size": [64, 64],
	"textures": {
		"0": "furniturepack:snowman",
		"particle": "furniturepack:snowman"
	},
	"elements": [
		{
			"from": [12, 7, 8],
			"to": [23, 7.3, 8.3],
			"rotation": {"angle": -45, "axis": "z", "origin": [21, 6, 7]},
			"faces": {
				"north": {"uv": [11.5, 7.25, 14.25, 7.5], "texture": "#0"},
				"east": {"uv": [13, 3.75, 13.25, 4], "texture": "#0"},
				"south": {"uv": [12, 1.5, 14.75, 1.75], "texture": "#0"},
				"west": {"uv": [7, 13, 7.25, 13.25], "texture": "#0"},
				"up": {"uv": [14.75, 2, 12, 1.75], "texture": "#0"},
				"down": {"uv": [14.75, 2, 12, 2.25], "texture": "#0"}
			}
		},
		{
			"from": [-11, 13, 8],
			"to": [0, 13.3, 8.3],
			"rotation": {"angle": -45, "axis": "z", "origin": [-2, 12, 7]},
			"faces": {
				"north": {"uv": [12, 2.25, 14.75, 2.5], "texture": "#0"},
				"east": {"uv": [7.25, 13, 7.5, 13.25], "texture": "#0"},
				"south": {"uv": [12, 2.5, 14.75, 2.75], "texture": "#0"},
				"west": {"uv": [7.5, 13, 7.75, 13.25], "texture": "#0"},
				"up": {"uv": [14.75, 3, 12, 2.75], "texture": "#0"},
				"down": {"uv": [14.75, 3, 12, 3.25], "texture": "#0"}
			}
		},
		{
			"from": [5, 24, 2.6],
			"to": [7, 26, 4.6],
			"rotation": {"angle": 0, "axis": "y", "origin": [5, 24, 3]},
			"faces": {
				"north": {"uv": [6.5, 11.5, 7, 12], "texture": "#0"},
				"east": {"uv": [7, 11.5, 7.5, 12], "texture": "#0"},
				"south": {"uv": [12, 3.25, 12.5, 3.75], "texture": "#0"},
				"west": {"uv": [3.5, 12, 4, 12.5], "texture": "#0"},
				"up": {"uv": [7, 12.5, 6.5, 12], "texture": "#0"},
				"down": {"uv": [7.5, 12, 7, 12.5], "texture": "#0"}
			}
		},
		{
			"from": [6, 21, 2.6],
			"to": [10, 22, 4.6],
			"rotation": {"angle": 0, "axis": "y", "origin": [9, 21, 3]},
			"faces": {
				"north": {"uv": [12, 3.75, 13, 4], "texture": "#0"},
				"east": {"uv": [12.5, 3.5, 13, 3.75], "texture": "#0"},
				"south": {"uv": [12.5, 3.25, 13.5, 3.5], "texture": "#0"},
				"west": {"uv": [2.5, 12.75, 3, 13], "texture": "#0"},
				"up": {"uv": [9, 8, 8, 7.5], "texture": "#0"},
				"down": {"uv": [10, 7.5, 9, 8], "texture": "#0"}
			}
		},
		{
			"from": [10, 22, 2.6],
			"to": [11, 23, 4.6],
			"rotation": {"angle": 0, "axis": "y", "origin": [10, 22, 3]},
			"faces": {
				"north": {"uv": [13, 7.5, 13.25, 7.75], "texture": "#0"},
				"east": {"uv": [3, 12.75, 3.5, 13], "texture": "#0"},
				"south": {"uv": [7.75, 13, 8, 13.25], "texture": "#0"},
				"west": {"uv": [2.5, 13, 3, 13.25], "texture": "#0"},
				"up": {"uv": [3.25, 13.5, 3, 13], "texture": "#0"},
				"down": {"uv": [3.5, 13, 3.25, 13.5], "texture": "#0"}
			}
		},
		{
			"from": [5, 22, 2.6],
			"to": [6, 23, 4.6],
			"rotation": {"angle": 0, "axis": "y", "origin": [8, 22, 3]},
			"faces": {
				"north": {"uv": [13, 7.75, 13.25, 8], "texture": "#0"},
				"east": {"uv": [3.5, 13, 4, 13.25], "texture": "#0"},
				"south": {"uv": [8, 13, 8.25, 13.25], "texture": "#0"},
				"west": {"uv": [13, 3.5, 13.5, 3.75], "texture": "#0"},
				"up": {"uv": [6.75, 13.5, 6.5, 13], "texture": "#0"},
				"down": {"uv": [7, 13, 6.75, 13.5], "texture": "#0"}
			}
		},
		{
			"from": [9, 24, 2.6],
			"to": [11, 26, 4.6],
			"rotation": {"angle": 0, "axis": "y", "origin": [9, 24, 3]},
			"faces": {
				"north": {"uv": [3.5, 12.5, 4, 13], "texture": "#0"},
				"east": {"uv": [6.5, 12.5, 7, 13], "texture": "#0"},
				"south": {"uv": [7, 12.5, 7.5, 13], "texture": "#0"},
				"west": {"uv": [12.5, 7.5, 13, 8], "texture": "#0"},
				"up": {"uv": [13, 8.5, 12.5, 8], "texture": "#0"},
				"down": {"uv": [13, 8.5, 12.5, 9], "texture": "#0"}
			}
		},
		{
			"from": [7, 10, -0.4],
			"to": [9, 12, 1.6],
			"rotation": {"angle": 0, "axis": "y", "origin": [7, 10, 0]},
			"faces": {
				"north": {"uv": [12.5, 9, 13, 9.5], "texture": "#0"},
				"east": {"uv": [12.5, 9.5, 13, 10], "texture": "#0"},
				"south": {"uv": [10, 12.5, 10.5, 13], "texture": "#0"},
				"west": {"uv": [12.5, 10, 13, 10.5], "texture": "#0"},
				"up": {"uv": [11, 13, 10.5, 12.5], "texture": "#0"},
				"down": {"uv": [13, 10.5, 12.5, 11], "texture": "#0"}
			}
		},
		{
			"from": [7, 7, -0.4],
			"to": [9, 9, 1.6],
			"rotation": {"angle": 0, "axis": "y", "origin": [7, 7, 0]},
			"faces": {
				"north": {"uv": [11, 12.5, 11.5, 13], "texture": "#0"},
				"east": {"uv": [12.5, 11, 13, 11.5], "texture": "#0"},
				"south": {"uv": [11.5, 12.5, 12, 13], "texture": "#0"},
				"west": {"uv": [12.5, 11.5, 13, 12], "texture": "#0"},
				"up": {"uv": [12.5, 13, 12, 12.5], "texture": "#0"},
				"down": {"uv": [13, 12, 12.5, 12.5], "texture": "#0"}
			}
		},
		{
			"from": [1, 16, 1],
			"to": [15, 19, 15],
			"rotation": {"angle": 0, "axis": "y", "origin": [1, 16, 3]},
			"faces": {
				"north": {"uv": [11.5, 6.5, 15, 7.25], "texture": "#0"},
				"east": {"uv": [0, 12, 3.5, 12.75], "texture": "#0"},
				"south": {"uv": [12, 0, 15.5, 0.75], "texture": "#0"},
				"west": {"uv": [12, 0.75, 15.5, 1.5], "texture": "#0"},
				"up": {"uv": [7.5, 11.5, 4, 8], "texture": "#0"},
				"down": {"uv": [11.5, 4, 8, 7.5], "texture": "#0"}
			}
		},
		{
			"from": [7, 4, -0.4],
			"to": [9, 6, 1.6],
			"rotation": {"angle": 0, "axis": "y", "origin": [7, 4, 0]},
			"faces": {
				"north": {"uv": [12.5, 12.5, 13, 13], "texture": "#0"},
				"east": {"uv": [0, 12.75, 0.5, 13.25], "texture": "#0"},
				"south": {"uv": [0.5, 12.75, 1, 13.25], "texture": "#0"},
				"west": {"uv": [1, 12.75, 1.5, 13.25], "texture": "#0"},
				"up": {"uv": [2, 13.25, 1.5, 12.75], "texture": "#0"},
				"down": {"uv": [2.5, 12.75, 2, 13.25], "texture": "#0"}
			}
		},
		{
			"from": [0, 0, 0],
			"to": [16, 16, 16],
			"faces": {
				"north": {"uv": [0, 0, 4, 4], "texture": "#0"},
				"east": {"uv": [0, 4, 4, 8], "texture": "#0"},
				"south": {"uv": [4, 0, 8, 4], "texture": "#0"},
				"west": {"uv": [4, 4, 8, 8], "texture": "#0"},
				"up": {"uv": [4, 12, 0, 8], "texture": "#0"},
				"down": {"uv": [12, 0, 8, 4], "texture": "#0"}
			}
		},
		{
			"from": [3, 18, 3],
			"to": [13, 28, 13],
			"rotation": {"angle": 0, "axis": "y", "origin": [7, 18, 7]},
			"faces": {
				"north": {"uv": [7.5, 8, 10, 10.5], "texture": "#0"},
				"east": {"uv": [10, 7.5, 12.5, 10], "texture": "#0"},
				"south": {"uv": [10, 10, 12.5, 12.5], "texture": "#0"},
				"west": {"uv": [7.5, 10.5, 10, 13], "texture": "#0"},
				"up": {"uv": [6.5, 14, 4, 11.5], "texture": "#0"},
				"down": {"uv": [14, 4, 11.5, 6.5], "texture": "#0"}
			}
		}
	],
	"display": {
		"thirdperson_righthand": {
			"scale": [0.4, 0.4, 0.4]
		},
		"thirdperson_lefthand": {
			"scale": [0.4, 0.4, 0.4]
		},
		"firstperson_righthand": {
			"scale": [0.4, 0.4, 0.4]
		},
		"firstperson_lefthand": {
			"scale": [0.4, 0.4, 0.4]
		},
		"gui": {
			"rotation": [-3, 180, -1],
			"scale": [1, 4, 1]
		},
		"head": {
			"translation": [0, -13.05, 0],
			"scale": [2.3, 2.3, 2.3]
		}
	},
	"groups": [
		{
			"name": "snowman",
			"origin": [21, 6, 7],
			"color": 0,
			"children": [0, 1, 2, 3, 4, 5, 6, 7, 8, 9, 10, 11, 12]
		}
	]
}