{
	"credit": "Made with Blockbench",
	"texture_size": [64, 64],
	"textures": {
		"0": "furniturepack:tablet",
		"particle": "furniturepack:tablet"
	},
	"elements": [
		{
			"from": [0, 14.01, 0],
			"to": [16, 15.01, 16],
			"rotation": {"angle": 0, "axis": "y", "origin": [7, 14, 7]},
			"faces": {
				"north": {"uv": [6, 5, 10, 5.25], "texture": "#0"},
				"east": {"uv": [6, 5.25, 10, 5.5], "texture": "#0"},
				"south": {"uv": [6, 5.5, 10, 5.75], "texture": "#0"},
				"west": {"uv": [6, 5.75, 10, 6], "texture": "#0"},
				"up": {"uv": [4, 4, 0, 0], "texture": "#0"},
				"down": {"uv": [4, 4, 0, 8], "texture": "#0"}
			}
		},
		{
			"from": [7, 1, 7],
			"to": [9, 14.01, 9],
			"rotation": {"angle": 0, "axis": "y", "origin": [7, 1, 7]},
			"faces": {
				"north": {"uv": [4, 5, 4.5, 7.75], "texture": "#0"},
				"east": {"uv": [4.5, 5, 5, 7.75], "texture": "#0"},
				"south": {"uv": [5, 5, 5.5, 7.75], "texture": "#0"},
				"west": {"uv": [5.5, 5, 6, 7.75], "texture": "#0"},
				"up": {"uv": [7.25, 8.25, 6.75, 7.75], "texture": "#0"},
				"down": {"uv": [8.25, 7, 7.75, 7.5], "texture": "#0"}
			}
		},
		{
			"from": [5, 0, 14],
			"to": [11, 0.4, 14.5],
			"rotation": {"angle": 0, "axis": "y", "origin": [7, 0, 10]},
			"faces": {
				"north": {"uv": [7, 2.25, 8.5, 2.5], "texture": "#0"},
				"east": {"uv": [7.25, 7.75, 7.5, 8], "texture": "#0"},
				"south": {"uv": [7, 2.5, 8.5, 2.75], "texture": "#0"},
				"west": {"uv": [7.5, 7.75, 7.75, 8], "texture": "#0"},
				"up": {"uv": [8.5, 3, 7, 2.75], "texture": "#0"},
				"down": {"uv": [8.5, 3, 7, 3.25], "texture": "#0"}
			}
		},
		{
			"from": [5, 0, 1.5],
			"to": [11, 0.4, 2],
			"rotation": {"angle": 0, "axis": "y", "origin": [9, 0, 6]},
			"faces": {
				"north": {"uv": [7, 3.25, 8.5, 3.5], "texture": "#0"},
				"east": {"uv": [7.75, 7.75, 8, 8], "texture": "#0"},
				"south": {"uv": [7, 3.5, 8.5, 3.75], "texture": "#0"},
				"west": {"uv": [0, 8, 0.25, 8.25], "texture": "#0"},
				"up": {"uv": [8.5, 4, 7, 3.75], "texture": "#0"},
				"down": {"uv": [8.5, 4, 7, 4.25], "texture": "#0"}
			}
		},
		{
			"from": [1.5, 0, 5],
			"to": [2, 0.4, 11],
			"rotation": {"angle": 0, "axis": "y", "origin": [6, 0, 7]},
			"faces": {
				"north": {"uv": [0.25, 8, 0.5, 8.25], "texture": "#0"},
				"east": {"uv": [6.25, 7, 7.75, 7.25], "texture": "#0"},
				"south": {"uv": [0.5, 8, 0.75, 8.25], "texture": "#0"},
				"west": {"uv": [6.25, 7.25, 7.75, 7.5], "texture": "#0"},
				"up": {"uv": [6.5, 9, 6.25, 7.5], "texture": "#0"},
				"down": {"uv": [6.75, 7.5, 6.5, 9], "texture": "#0"}
			}
		},
		{
			"from": [14, 0, 5],
			"to": [14.5, 0.4, 11],
			"rotation": {"angle": 0, "axis": "y", "origin": [10, 0, 9]},
			"faces": {
				"north": {"uv": [0.75, 8, 1, 8.25], "texture": "#0"},
				"east": {"uv": [6.75, 7.5, 8.25, 7.75], "texture": "#0"},
				"south": {"uv": [1, 8, 1.25, 8.25], "texture": "#0"},
				"west": {"uv": [4, 7.75, 5.5, 8], "texture": "#0"},
				"up": {"uv": [5.75, 9.25, 5.5, 7.75], "texture": "#0"},
				"down": {"uv": [6, 7.75, 5.75, 9.25], "texture": "#0"}
			}
		},
		{
			"from": [13, 0, 4],
			"to": [14, 0.5, 12],
			"rotation": {"angle": 0, "axis": "y", "origin": [9, 0, 9]},
			"faces": {
				"north": {"uv": [1.25, 8, 1.5, 8.25], "texture": "#0"},
				"east": {"uv": [6.5, 0.5, 8.5, 0.75], "texture": "#0"},
				"south": {"uv": [1.5, 8, 1.75, 8.25], "texture": "#0"},
				"west": {"uv": [6.5, 0.75, 8.5, 1], "texture": "#0"},
				"up": {"uv": [6.75, 3, 6.5, 1], "texture": "#0"},
				"down": {"uv": [6.75, 3, 6.5, 5], "texture": "#0"}
			}
		},
		{
			"from": [4, 0, 13],
			"to": [12, 0.5, 14],
			"rotation": {"angle": 0, "axis": "y", "origin": [7, 0, 12]},
			"faces": {
				"north": {"uv": [6, 6.5, 8, 6.75], "texture": "#0"},
				"east": {"uv": [1.75, 8, 2, 8.25], "texture": "#0"},
				"south": {"uv": [6.75, 1, 8.75, 1.25], "texture": "#0"},
				"west": {"uv": [2, 8, 2.25, 8.25], "texture": "#0"},
				"up": {"uv": [8.75, 1.5, 6.75, 1.25], "texture": "#0"},
				"down": {"uv": [8.75, 1.5, 6.75, 1.75], "texture": "#0"}
			}
		},
		{
			"from": [2, 0, 4],
			"to": [3, 0.5, 12],
			"rotation": {"angle": 0, "axis": "y", "origin": [-2, 0, 9]},
			"faces": {
				"north": {"uv": [2.25, 8, 2.5, 8.25], "texture": "#0"},
				"east": {"uv": [6.75, 1.75, 8.75, 2], "texture": "#0"},
				"south": {"uv": [2.5, 8, 2.75, 8.25], "texture": "#0"},
				"west": {"uv": [6.75, 2, 8.75, 2.25], "texture": "#0"},
				"up": {"uv": [7, 4.25, 6.75, 2.25], "texture": "#0"},
				"down": {"uv": [6.25, 6.75, 6, 8.75], "texture": "#0"}
			}
		},
		{
			"from": [4, 0, 2],
			"to": [12, 0.5, 3],
			"rotation": {"angle": 0, "axis": "y", "origin": [7, 0, 1]},
			"faces": {
				"north": {"uv": [6.75, 4.25, 8.75, 4.5], "texture": "#0"},
				"east": {"uv": [2.75, 8, 3, 8.25], "texture": "#0"},
				"south": {"uv": [6.75, 4.5, 8.75, 4.75], "texture": "#0"},
				"west": {"uv": [3, 8, 3.25, 8.25], "texture": "#0"},
				"up": {"uv": [8.75, 5, 6.75, 4.75], "texture": "#0"},
				"down": {"uv": [8.25, 6.75, 6.25, 7], "texture": "#0"}
			}
		},
		{
			"from": [3, 0, 3],
			"to": [13, 1, 13],
			"rotation": {"angle": 0, "axis": "y", "origin": [7, 0, 7]},
			"faces": {
				"north": {"uv": [6, 6, 8.5, 6.25], "texture": "#0"},
				"east": {"uv": [6, 6.25, 8.5, 6.5], "texture": "#0"},
				"south": {"uv": [6.5, 0, 9, 0.25], "texture": "#0"},
				"west": {"uv": [6.5, 0.25, 9, 0.5], "texture": "#0"},
				"up": {"uv": [6.5, 2.5, 4, 0], "texture": "#0"},
				"down": {"uv": [6.5, 2.5, 4, 5], "texture": "#0"}
			}
		}
	],
	"display": {
		"head": {
			"translation": [0, -12.75, 0],
			"scale": [2.3, 2.3, 2.3]
		}
	},
	"groups": [
		{
			"name": "table",
			"origin": [7, 12, 7],
			"color": 0,
			"children": [0, 1, 2, 3, 4, 5, 6, 7, 8, 9, 10]
		}
	]
}