{
	"credit": "Made with Blockbench",
	"texture_size": [128, 128],
	"textures": {
		"0": "furniturepack:toilet",
		"particle": "furniturepack:toilet"
	},
	"elements": [
		{
			"from": [2.5, 21, 13],
			"to": [13.5, 21.2, 16.5],
			"rotation": {"angle": 0, "axis": "y", "origin": [0, 21, 1]},
			"faces": {
				"north": {"uv": [1.375, 6, 2.75, 6.125], "texture": "#0"},
				"east": {"uv": [5.875, 6.5, 6.375, 6.625], "texture": "#0"},
				"south": {"uv": [0, 6.5, 1.375, 6.625], "texture": "#0"},
				"west": {"uv": [6.375, 6.5, 6.875, 6.625], "texture": "#0"},
				"up": {"uv": [7.125, 4.25, 5.75, 3.75], "texture": "#0"},
				"down": {"uv": [7.125, 4.25, 5.75, 4.75], "texture": "#0"}
			}
		},
		{
			"from": [2, 21.2, 12.5],
			"to": [14, 21.9, 17],
			"rotation": {"angle": 0, "axis": "y", "origin": [0, 22, 1]},
			"faces": {
				"north": {"uv": [6.5, 2.625, 8, 2.75], "texture": "#0"},
				"east": {"uv": [3.25, 6.125, 3.875, 6.25], "texture": "#0"},
				"south": {"uv": [6.5, 2.75, 8, 2.875], "texture": "#0"},
				"west": {"uv": [3.25, 6.25, 3.875, 6.375], "texture": "#0"},
				"up": {"uv": [5.75, 5.625, 4.25, 5], "texture": "#0"},
				"down": {"uv": [2.75, 5.375, 1.25, 6], "texture": "#0"}
			}
		},
		{
			"from": [4, 21, 11.55],
			"to": [12, 22, 11.55],
			"rotation": {"angle": 0, "axis": "y", "origin": [0, 21, -4]},
			"faces": {
				"north": {"uv": [6.5, 3.5, 7.5, 3.625], "texture": "#0"},
				"east": {"uv": [0, 0, 0, 0.125], "texture": "#0"},
				"south": {"uv": [6.5, 3.625, 7.5, 3.75], "texture": "#0"},
				"west": {"uv": [0, 0, 0, 0.125], "texture": "#0"},
				"up": {"uv": [1, 0, 0, 0], "texture": "#0"},
				"down": {"uv": [1, 0, 0, 0], "texture": "#0"}
			}
		},
		{
			"from": [2.5, 21.9, 13],
			"to": [13.5, 22.1, 16.5],
			"rotation": {"angle": 0, "axis": "y", "origin": [0, 23, 1]},
			"faces": {
				"north": {"uv": [6.5, 2.875, 7.875, 3], "texture": "#0"},
				"east": {"uv": [0, 6.625, 0.5, 6.75], "texture": "#0"},
				"south": {"uv": [6.5, 3, 7.875, 3.125], "texture": "#0"},
				"west": {"uv": [0.5, 6.625, 1, 6.75], "texture": "#0"},
				"up": {"uv": [7.125, 5.25, 5.75, 4.75], "texture": "#0"},
				"down": {"uv": [1.375, 6, 0, 6.5], "texture": "#0"}
			}
		},
		{
			"from": [2, 11, 11.55],
			"to": [3, 20, 11.55],
			"rotation": {"angle": 0, "axis": "y", "origin": [-1, 11, -4]},
			"faces": {
				"north": {"uv": [4.125, 6.125, 4.25, 7.25], "texture": "#0"},
				"east": {"uv": [0, 0, 0, 1.125], "texture": "#0"},
				"south": {"uv": [5.5, 6.5, 5.625, 7.625], "texture": "#0"},
				"west": {"uv": [0, 0, 0, 1.125], "texture": "#0"},
				"up": {"uv": [0.125, 0, 0, 0], "texture": "#0"},
				"down": {"uv": [0.125, 0, 0, 0], "texture": "#0"}
			}
		},
		{
			"from": [13, 11, 11.55],
			"to": [14, 20, 11.55],
			"rotation": {"angle": 0, "axis": "y", "origin": [10, 11, -4]},
			"faces": {
				"north": {"uv": [5.625, 6.5, 5.75, 7.625], "texture": "#0"},
				"east": {"uv": [0, 0, 0, 1.125], "texture": "#0"},
				"south": {"uv": [5.75, 6.5, 5.875, 7.625], "texture": "#0"},
				"west": {"uv": [0, 0, 0, 1.125], "texture": "#0"},
				"up": {"uv": [0.125, 0, 0, 0], "texture": "#0"},
				"down": {"uv": [0.125, 0, 0, 0], "texture": "#0"}
			}
		},
		{
			"from": [3, 11, 11.3],
			"to": [13, 21, 11.8],
			"rotation": {"angle": 0, "axis": "y", "origin": [0, 11, -4]},
			"faces": {
				"north": {"uv": [4.375, 0, 5.625, 1.25], "texture": "#0"},
				"east": {"uv": [2.75, 4.125, 2.875, 5.375], "texture": "#0"},
				"south": {"uv": [4.375, 1.25, 5.625, 2.5], "texture": "#0"},
				"west": {"uv": [2.875, 4.125, 3, 5.375], "texture": "#0"},
				"up": {"uv": [1.25, 6, 0, 5.875], "texture": "#0"},
				"down": {"uv": [7.75, 3.125, 6.5, 3.25], "texture": "#0"}
			}
		},
		{
			"from": [2, 11, 12.5],
			"to": [14, 21, 17],
			"rotation": {"angle": 0, "axis": "y", "origin": [0, 11, 1]},
			"faces": {
				"north": {"uv": [1.25, 4.125, 2.75, 5.375], "texture": "#0"},
				"east": {"uv": [4.25, 5.625, 4.875, 6.875], "texture": "#0"},
				"south": {"uv": [4.25, 3.75, 5.75, 5], "texture": "#0"},
				"west": {"uv": [4.875, 5.625, 5.5, 6.875], "texture": "#0"},
				"up": {"uv": [4.25, 6.125, 2.75, 5.5], "texture": "#0"},
				"down": {"uv": [7.125, 0, 5.625, 0.625], "texture": "#0"}
			}
		},
		{
			"from": [2, 6, 0.5],
			"to": [14, 11, 17],
			"rotation": {"angle": 0, "axis": "y", "origin": [0, 6, 1]},
			"faces": {
				"north": {"uv": [5.625, 0.625, 7.125, 1.25], "texture": "#0"},
				"east": {"uv": [4.375, 2.5, 6.5, 3.125], "texture": "#0"},
				"south": {"uv": [5.625, 1.25, 7.125, 1.875], "texture": "#0"},
				"west": {"uv": [4.375, 3.125, 6.5, 3.75], "texture": "#0"},
				"up": {"uv": [1.5, 2.125, 0, 0], "texture": "#0"},
				"down": {"uv": [3, 0, 1.5, 2.125], "texture": "#0"}
			}
		},
		{
			"from": [2, 3, 1],
			"to": [14, 6, 16.5],
			"rotation": {"angle": 0, "axis": "y", "origin": [0, 3, 1]},
			"faces": {
				"north": {"uv": [5.75, 5.25, 7.25, 5.625], "texture": "#0"},
				"east": {"uv": [5.625, 1.875, 7.625, 2.25], "texture": "#0"},
				"south": {"uv": [5.5, 6, 7, 6.375], "texture": "#0"},
				"west": {"uv": [5.5, 5.625, 7.5, 6], "texture": "#0"},
				"up": {"uv": [1.5, 4.125, 0, 2.125], "texture": "#0"},
				"down": {"uv": [3, 2.125, 1.5, 4.125], "texture": "#0"}
			}
		},
		{
			"from": [2.5, 1, 1.5],
			"to": [13.5, 3, 16],
			"rotation": {"angle": 0, "axis": "y", "origin": [0, 1, 1]},
			"faces": {
				"north": {"uv": [1.375, 6.375, 2.75, 6.625], "texture": "#0"},
				"east": {"uv": [5.625, 2.25, 7.5, 2.5], "texture": "#0"},
				"south": {"uv": [2.75, 6.375, 4.125, 6.625], "texture": "#0"},
				"west": {"uv": [1.375, 6.125, 3.25, 6.375], "texture": "#0"},
				"up": {"uv": [4.375, 1.875, 3, 0], "texture": "#0"},
				"down": {"uv": [4.375, 1.875, 3, 3.75], "texture": "#0"}
			}
		},
		{
			"from": [3, 0, 2],
			"to": [13, 1, 16],
			"faces": {
				"north": {"uv": [6.5, 3.25, 7.75, 3.375], "texture": "#0"},
				"east": {"uv": [5.5, 6.375, 7.25, 6.5], "texture": "#0"},
				"south": {"uv": [6.5, 3.375, 7.75, 3.5], "texture": "#0"},
				"west": {"uv": [6.5, 2.5, 8.25, 2.625], "texture": "#0"},
				"up": {"uv": [4.25, 5.5, 3, 3.75], "texture": "#0"},
				"down": {"uv": [1.25, 4.125, 0, 5.875], "texture": "#0"}
			}
		}
	],
	"display": {
		"thirdperson_righthand": {
			"scale": [0.5, 0.5, 0.5]
		},
		"thirdperson_lefthand": {
			"scale": [0.5, 0.5, 0.5]
		},
		"firstperson_righthand": {
			"scale": [0.5, 0.5, 0.5]
		},
		"firstperson_lefthand": {
			"scale": [0.5, 0.5, 0.5]
		},
		"head": {
			"rotation": [0, 180, 0],
			"translation": [0, -12.75, 0],
			"scale": [2.3, 2.3, 2.3]
		}
	},
	"groups": [
		{
			"name": "toilet",
			"origin": [-1, 11, -4],
			"color": 0,
			"children": [0, 1, 2, 3, 4, 5, 6, 7, 8, 9, 10, 11]
		}
	]
}