{
	"credit": "Made with Blockbench",
	"texture_size": [128, 128],
	"textures": {
		"0": "furniturepack:tree",
		"particle": "furniturepack:tree"
	},
	"elements": [
		{
			"from": [12, 27, 4],
			"to": [14, 29, 6],
			"rotation": {"angle": 0, "axis": "y", "origin": [12, 27, 4]},
			"faces": {
				"north": {"uv": [4.75, 8.25, 5, 8.5], "texture": "#0"},
				"east": {"uv": [8, 8.75, 8.25, 9], "texture": "#0"},
				"south": {"uv": [8.25, 8.75, 8.5, 9], "texture": "#0"},
				"west": {"uv": [1.5, 9, 1.75, 9.25], "texture": "#0"},
				"up": {"uv": [2.5, 9.25, 2.25, 9], "texture": "#0"},
				"down": {"uv": [2.75, 9, 2.5, 9.25], "texture": "#0"}
			}
		},
		{
			"from": [1, 19, 1],
			"to": [15, 21, 15],
			"rotation": {"angle": 0, "axis": "y", "origin": [8, 19, 7]},
			"faces": {
				"north": {"uv": [7.25, 6.75, 9, 7], "texture": "#0"},
				"east": {"uv": [7.25, 7, 9, 7.25], "texture": "#0"},
				"south": {"uv": [7.25, 7.25, 9, 7.5], "texture": "#0"},
				"west": {"uv": [5, 7.5, 6.75, 7.75], "texture": "#0"},
				"up": {"uv": [1.75, 7.25, 0, 5.5], "texture": "#0"},
				"down": {"uv": [1.75, 7.25, 0, 9], "texture": "#0"}
			}
		},
		{
			"from": [6, 12, 6],
			"to": [10, 13, 10],
			"rotation": {"angle": 0, "axis": "y", "origin": [7, 12, 7]},
			"faces": {
				"north": {"uv": [6, 8.25, 6.5, 8.375], "texture": "#0"},
				"east": {"uv": [7.25, 8.375, 7.75, 8.5], "texture": "#0"},
				"south": {"uv": [2.75, 9, 3.25, 9.125], "texture": "#0"},
				"west": {"uv": [9, 4, 9.5, 4.125], "texture": "#0"},
				"up": {"uv": [6.5, 8.25, 6, 7.75], "texture": "#0"},
				"down": {"uv": [4.75, 8, 4.25, 8.5], "texture": "#0"}
			}
		},
		{
			"from": [6, 27, 6],
			"to": [10, 28, 10],
			"rotation": {"angle": 0, "axis": "y", "origin": [7, 27, 7]},
			"faces": {
				"north": {"uv": [9, 4.125, 9.5, 4.25], "texture": "#0"},
				"east": {"uv": [4.25, 9, 4.75, 9.125], "texture": "#0"},
				"south": {"uv": [9, 4.25, 9.5, 4.375], "texture": "#0"},
				"west": {"uv": [9, 4.375, 9.5, 4.5], "texture": "#0"},
				"up": {"uv": [4.75, 9, 4.25, 8.5], "texture": "#0"},
				"down": {"uv": [9, 8.5, 8.5, 9], "texture": "#0"}
			}
		},
		{
			"from": [6, 24, 6],
			"to": [10, 25, 10],
			"rotation": {"angle": 0, "axis": "y", "origin": [7, 24, 7]},
			"faces": {
				"north": {"uv": [9, 4.5, 9.5, 4.625], "texture": "#0"},
				"east": {"uv": [9, 4.625, 9.5, 4.75], "texture": "#0"},
				"south": {"uv": [9, 4.75, 9.5, 4.875], "texture": "#0"},
				"west": {"uv": [9, 4.875, 9.5, 5], "texture": "#0"},
				"up": {"uv": [5.25, 9.125, 4.75, 8.625], "texture": "#0"},
				"down": {"uv": [5.75, 8.625, 5.25, 9.125], "texture": "#0"}
			}
		},
		{
			"from": [6, 21, 6],
			"to": [10, 22, 10],
			"rotation": {"angle": 0, "axis": "y", "origin": [7, 21, 7]},
			"faces": {
				"north": {"uv": [9, 6.75, 9.5, 6.875], "texture": "#0"},
				"east": {"uv": [9, 6.875, 9.5, 7], "texture": "#0"},
				"south": {"uv": [9, 7, 9.5, 7.125], "texture": "#0"},
				"west": {"uv": [9, 7.125, 9.5, 7.25], "texture": "#0"},
				"up": {"uv": [6.25, 9.125, 5.75, 8.625], "texture": "#0"},
				"down": {"uv": [6.75, 8.625, 6.25, 9.125], "texture": "#0"}
			}
		},
		{
			"from": [6, 18, 6],
			"to": [10, 19, 10],
			"rotation": {"angle": 0, "axis": "y", "origin": [7, 18, 7]},
			"faces": {
				"north": {"uv": [7.25, 9, 7.75, 9.125], "texture": "#0"},
				"east": {"uv": [9, 7.25, 9.5, 7.375], "texture": "#0"},
				"south": {"uv": [9, 7.375, 9.5, 7.5], "texture": "#0"},
				"west": {"uv": [7.75, 9, 8.25, 9.125], "texture": "#0"},
				"up": {"uv": [7.25, 9.125, 6.75, 8.625], "texture": "#0"},
				"down": {"uv": [9.25, 0, 8.75, 0.5], "texture": "#0"}
			}
		},
		{
			"from": [6, 15, 6],
			"to": [10, 16, 10],
			"rotation": {"angle": 0, "axis": "y", "origin": [7, 15, 7]},
			"faces": {
				"north": {"uv": [8.25, 9, 8.75, 9.125], "texture": "#0"},
				"east": {"uv": [9, 8.5, 9.5, 8.625], "texture": "#0"},
				"south": {"uv": [9, 8.625, 9.5, 8.75], "texture": "#0"},
				"west": {"uv": [8.75, 9, 9.25, 9.125], "texture": "#0"},
				"up": {"uv": [9.25, 1, 8.75, 0.5], "texture": "#0"},
				"down": {"uv": [9.25, 1, 8.75, 1.5], "texture": "#0"}
			}
		},
		{
			"from": [6, 9, 6],
			"to": [10, 10, 10],
			"rotation": {"angle": 0, "axis": "y", "origin": [7, 9, 7]},
			"faces": {
				"north": {"uv": [9, 8.75, 9.5, 8.875], "texture": "#0"},
				"east": {"uv": [9, 8.875, 9.5, 9], "texture": "#0"},
				"south": {"uv": [2.75, 9.125, 3.25, 9.25], "texture": "#0"},
				"west": {"uv": [4.25, 9.125, 4.75, 9.25], "texture": "#0"},
				"up": {"uv": [9.25, 2, 8.75, 1.5], "texture": "#0"},
				"down": {"uv": [2.25, 8.75, 1.75, 9.25], "texture": "#0"}
			}
		},
		{
			"from": [5, 30, 5],
			"to": [11, 32, 11],
			"rotation": {"angle": 0, "axis": "y", "origin": [8, 30, 7]},
			"faces": {
				"north": {"uv": [8.75, 2.75, 9.5, 3], "texture": "#0"},
				"east": {"uv": [7.25, 8.75, 8, 9], "texture": "#0"},
				"south": {"uv": [0, 9, 0.75, 9.25], "texture": "#0"},
				"west": {"uv": [0.75, 9, 1.5, 9.25], "texture": "#0"},
				"up": {"uv": [2.5, 7.25, 1.75, 6.5], "texture": "#0"},
				"down": {"uv": [5, 7.25, 4.25, 8], "texture": "#0"}
			}
		},
		{
			"from": [4, 28, 4],
			"to": [12, 30, 12],
			"rotation": {"angle": 0, "axis": "y", "origin": [8, 28, 7]},
			"faces": {
				"north": {"uv": [8.75, 2, 9.75, 2.25], "texture": "#0"},
				"east": {"uv": [2.25, 8.75, 3.25, 9], "texture": "#0"},
				"south": {"uv": [8.75, 2.25, 9.75, 2.5], "texture": "#0"},
				"west": {"uv": [8.75, 2.5, 9.75, 2.75], "texture": "#0"},
				"up": {"uv": [6.25, 5, 5.25, 4], "texture": "#0"},
				"down": {"uv": [2.75, 5.5, 1.75, 6.5], "texture": "#0"}
			}
		},
		{
			"from": [3, 25, 3],
			"to": [13, 27, 13],
			"rotation": {"angle": 0, "axis": "y", "origin": [8, 25, 7]},
			"faces": {
				"north": {"uv": [6, 8.375, 7.25, 8.625], "texture": "#0"},
				"east": {"uv": [1.75, 8.5, 3, 8.75], "texture": "#0"},
				"south": {"uv": [3, 8.5, 4.25, 8.75], "texture": "#0"},
				"west": {"uv": [7.25, 8.5, 8.5, 8.75], "texture": "#0"},
				"up": {"uv": [3, 8.5, 1.75, 7.25], "texture": "#0"},
				"down": {"uv": [4.25, 7.25, 3, 8.5], "texture": "#0"}
			}
		},
		{
			"from": [2, 22, 2],
			"to": [14, 24, 14],
			"rotation": {"angle": 0, "axis": "y", "origin": [8, 22, 7]},
			"faces": {
				"north": {"uv": [7.75, 7.5, 9.25, 7.75], "texture": "#0"},
				"east": {"uv": [7.75, 7.75, 9.25, 8], "texture": "#0"},
				"south": {"uv": [7.75, 8, 9.25, 8.25], "texture": "#0"},
				"west": {"uv": [7.75, 8.25, 9.25, 8.5], "texture": "#0"},
				"up": {"uv": [8.75, 1.5, 7.25, 0], "texture": "#0"},
				"down": {"uv": [8.75, 1.5, 7.25, 3], "texture": "#0"}
			}
		},
		{
			"from": [0, 16, 0],
			"to": [16, 18, 16],
			"rotation": {"angle": 0, "axis": "y", "origin": [8, 16, 7]},
			"faces": {
				"north": {"uv": [7.25, 5.75, 9.25, 6], "texture": "#0"},
				"east": {"uv": [7.25, 6, 9.25, 6.25], "texture": "#0"},
				"south": {"uv": [7.25, 6.25, 9.25, 6.5], "texture": "#0"},
				"west": {"uv": [7.25, 6.5, 9.25, 6.75], "texture": "#0"},
				"up": {"uv": [7.25, 2, 5.25, 0], "texture": "#0"},
				"down": {"uv": [7.25, 2, 5.25, 4], "texture": "#0"}
			}
		},
		{
			"from": [-1, 13, -1],
			"to": [17, 15, 17],
			"rotation": {"angle": 0, "axis": "y", "origin": [8, 13, 8]},
			"faces": {
				"north": {"uv": [5, 7.25, 7.25, 7.5], "texture": "#0"},
				"east": {"uv": [7.25, 5, 9.5, 5.25], "texture": "#0"},
				"south": {"uv": [7.25, 5.25, 9.5, 5.5], "texture": "#0"},
				"west": {"uv": [7.25, 5.5, 9.5, 5.75], "texture": "#0"},
				"up": {"uv": [5, 7.25, 2.75, 5], "texture": "#0"},
				"down": {"uv": [7.25, 5, 5, 7.25], "texture": "#0"}
			}
		},
		{
			"from": [-2, 10, -2],
			"to": [18, 12, 18],
			"rotation": {"angle": 0, "axis": "y", "origin": [7, 10, 8]},
			"faces": {
				"north": {"uv": [7.25, 3, 9.75, 3.25], "texture": "#0"},
				"east": {"uv": [7.25, 3.25, 9.75, 3.5], "texture": "#0"},
				"south": {"uv": [7.25, 3.5, 9.75, 3.75], "texture": "#0"},
				"west": {"uv": [7.25, 3.75, 9.75, 4], "texture": "#0"},
				"up": {"uv": [5.25, 2.5, 2.75, 0], "texture": "#0"},
				"down": {"uv": [5.25, 2.5, 2.75, 5], "texture": "#0"}
			}
		},
		{
			"from": [-3, 7, -3],
			"to": [19, 9, 19],
			"rotation": {"angle": 0, "axis": "y", "origin": [7, 7, 8]},
			"faces": {
				"north": {"uv": [6.25, 4, 9, 4.25], "texture": "#0"},
				"east": {"uv": [6.25, 4.25, 9, 4.5], "texture": "#0"},
				"south": {"uv": [6.25, 4.5, 9, 4.75], "texture": "#0"},
				"west": {"uv": [6.25, 4.75, 9, 5], "texture": "#0"},
				"up": {"uv": [2.75, 2.75, 0, 0], "texture": "#0"},
				"down": {"uv": [2.75, 2.75, 0, 5.5], "texture": "#0"}
			}
		},
		{
			"from": [6, 0, 6],
			"to": [10, 7, 10],
			"rotation": {"angle": 0, "axis": "y", "origin": [7, 0, 7]},
			"faces": {
				"north": {"uv": [6.75, 7.5, 7.25, 8.375], "texture": "#0"},
				"east": {"uv": [7.25, 7.5, 7.75, 8.375], "texture": "#0"},
				"south": {"uv": [5, 7.75, 5.5, 8.625], "texture": "#0"},
				"west": {"uv": [5.5, 7.75, 6, 8.625], "texture": "#0"},
				"up": {"uv": [3.75, 9.25, 3.25, 8.75], "texture": "#0"},
				"down": {"uv": [4.25, 8.75, 3.75, 9.25], "texture": "#0"}
			}
		},
		{
			"from": [-2, 15, 10],
			"to": [0, 17, 12],
			"rotation": {"angle": 0, "axis": "y", "origin": [-2, 15, 10]},
			"faces": {
				"north": {"uv": [4.75, 9.125, 5, 9.375], "texture": "#0"},
				"east": {"uv": [5, 9.125, 5.25, 9.375], "texture": "#0"},
				"south": {"uv": [5.25, 9.125, 5.5, 9.375], "texture": "#0"},
				"west": {"uv": [5.5, 9.125, 5.75, 9.375], "texture": "#0"},
				"up": {"uv": [6, 9.375, 5.75, 9.125], "texture": "#0"},
				"down": {"uv": [6.25, 9.125, 6, 9.375], "texture": "#0"}
			}
		},
		{
			"from": [7, 27, 12],
			"to": [9, 29, 14],
			"rotation": {"angle": 0, "axis": "y", "origin": [7, 27, 12]},
			"faces": {
				"north": {"uv": [6.25, 9.125, 6.5, 9.375], "texture": "#0"},
				"east": {"uv": [6.5, 9.125, 6.75, 9.375], "texture": "#0"},
				"south": {"uv": [6.75, 9.125, 7, 9.375], "texture": "#0"},
				"west": {"uv": [7, 9.125, 7.25, 9.375], "texture": "#0"},
				"up": {"uv": [7.5, 9.375, 7.25, 9.125], "texture": "#0"},
				"down": {"uv": [7.75, 9.125, 7.5, 9.375], "texture": "#0"}
			}
		},
		{
			"from": [10, 21, 14],
			"to": [12, 23, 16],
			"rotation": {"angle": 0, "axis": "y", "origin": [10, 21, 14]},
			"faces": {
				"north": {"uv": [7.75, 9.125, 8, 9.375], "texture": "#0"},
				"east": {"uv": [8, 9.125, 8.25, 9.375], "texture": "#0"},
				"south": {"uv": [8.25, 9.125, 8.5, 9.375], "texture": "#0"},
				"west": {"uv": [8.5, 9.125, 8.75, 9.375], "texture": "#0"},
				"up": {"uv": [9, 9.375, 8.75, 9.125], "texture": "#0"},
				"down": {"uv": [9.25, 9.125, 9, 9.375], "texture": "#0"}
			}
		},
		{
			"from": [3, 18, 15],
			"to": [5, 20, 17],
			"rotation": {"angle": 0, "axis": "y", "origin": [3, 18, 15]},
			"faces": {
				"north": {"uv": [0, 9.25, 0.25, 9.5], "texture": "#0"},
				"east": {"uv": [9.25, 0, 9.5, 0.25], "texture": "#0"},
				"south": {"uv": [0.25, 9.25, 0.5, 9.5], "texture": "#0"},
				"west": {"uv": [9.25, 0.25, 9.5, 0.5], "texture": "#0"},
				"up": {"uv": [0.75, 9.5, 0.5, 9.25], "texture": "#0"},
				"down": {"uv": [9.5, 0.5, 9.25, 0.75], "texture": "#0"}
			}
		},
		{
			"from": [10, 12, 17],
			"to": [12, 14, 19],
			"rotation": {"angle": 0, "axis": "y", "origin": [10, 12, 17]},
			"faces": {
				"north": {"uv": [0.75, 9.25, 1, 9.5], "texture": "#0"},
				"east": {"uv": [9.25, 0.75, 9.5, 1], "texture": "#0"},
				"south": {"uv": [1, 9.25, 1.25, 9.5], "texture": "#0"},
				"west": {"uv": [9.25, 1, 9.5, 1.25], "texture": "#0"},
				"up": {"uv": [1.5, 9.5, 1.25, 9.25], "texture": "#0"},
				"down": {"uv": [9.5, 1.25, 9.25, 1.5], "texture": "#0"}
			}
		},
		{
			"from": [13, 24, 10],
			"to": [15, 26, 12],
			"rotation": {"angle": 0, "axis": "y", "origin": [13, 24, 10]},
			"faces": {
				"north": {"uv": [1.5, 9.25, 1.75, 9.5], "texture": "#0"},
				"east": {"uv": [9.25, 1.5, 9.5, 1.75], "texture": "#0"},
				"south": {"uv": [1.75, 9.25, 2, 9.5], "texture": "#0"},
				"west": {"uv": [9.25, 1.75, 9.5, 2], "texture": "#0"},
				"up": {"uv": [2.25, 9.5, 2, 9.25], "texture": "#0"},
				"down": {"uv": [2.5, 9.25, 2.25, 9.5], "texture": "#0"}
			}
		},
		{
			"from": [15, 18, 7],
			"to": [17, 20, 9],
			"rotation": {"angle": 0, "axis": "y", "origin": [15, 18, 7]},
			"faces": {
				"north": {"uv": [2.5, 9.25, 2.75, 9.5], "texture": "#0"},
				"east": {"uv": [2.75, 9.25, 3, 9.5], "texture": "#0"},
				"south": {"uv": [3, 9.25, 3.25, 9.5], "texture": "#0"},
				"west": {"uv": [3.25, 9.25, 3.5, 9.5], "texture": "#0"},
				"up": {"uv": [3.75, 9.5, 3.5, 9.25], "texture": "#0"},
				"down": {"uv": [4, 9.25, 3.75, 9.5], "texture": "#0"}
			}
		},
		{
			"from": [5, 24, 1],
			"to": [7, 26, 3],
			"rotation": {"angle": 0, "axis": "y", "origin": [5, 24, 1]},
			"faces": {
				"north": {"uv": [4, 9.25, 4.25, 9.5], "texture": "#0"},
				"east": {"uv": [4.25, 9.25, 4.5, 9.5], "texture": "#0"},
				"south": {"uv": [4.5, 9.25, 4.75, 9.5], "texture": "#0"},
				"west": {"uv": [9.25, 5.75, 9.5, 6], "texture": "#0"},
				"up": {"uv": [9.5, 6.25, 9.25, 6], "texture": "#0"},
				"down": {"uv": [9.5, 6.25, 9.25, 6.5], "texture": "#0"}
			}
		},
		{
			"from": [17, 12, 4],
			"to": [19, 14, 6],
			"rotation": {"angle": 0, "axis": "y", "origin": [17, 12, 4]},
			"faces": {
				"north": {"uv": [9.25, 6.5, 9.5, 6.75], "texture": "#0"},
				"east": {"uv": [9.25, 7.5, 9.5, 7.75], "texture": "#0"},
				"south": {"uv": [9.25, 7.75, 9.5, 8], "texture": "#0"},
				"west": {"uv": [9.25, 8, 9.5, 8.25], "texture": "#0"},
				"up": {"uv": [9.5, 8.5, 9.25, 8.25], "texture": "#0"},
				"down": {"uv": [9.5, 9, 9.25, 9.25], "texture": "#0"}
			}
		},
		{
			"from": [11, 21, 0],
			"to": [13, 23, 2],
			"rotation": {"angle": 0, "axis": "y", "origin": [11, 21, 0]},
			"faces": {
				"north": {"uv": [9.25, 9.25, 9.5, 9.5], "texture": "#0"},
				"east": {"uv": [4.75, 9.375, 5, 9.625], "texture": "#0"},
				"south": {"uv": [5, 9.375, 5.25, 9.625], "texture": "#0"},
				"west": {"uv": [5.25, 9.375, 5.5, 9.625], "texture": "#0"},
				"up": {"uv": [5.75, 9.625, 5.5, 9.375], "texture": "#0"},
				"down": {"uv": [6, 9.375, 5.75, 9.625], "texture": "#0"}
			}
		},
		{
			"from": [6, 15, -2],
			"to": [8, 17, 0],
			"rotation": {"angle": 0, "axis": "y", "origin": [6, 15, -2]},
			"faces": {
				"north": {"uv": [6, 9.375, 6.25, 9.625], "texture": "#0"},
				"east": {"uv": [6.25, 9.375, 6.5, 9.625], "texture": "#0"},
				"south": {"uv": [6.5, 9.375, 6.75, 9.625], "texture": "#0"},
				"west": {"uv": [6.75, 9.375, 7, 9.625], "texture": "#0"},
				"up": {"uv": [7.25, 9.625, 7, 9.375], "texture": "#0"},
				"down": {"uv": [7.5, 9.375, 7.25, 9.625], "texture": "#0"}
			}
		},
		{
			"from": [12, 12, -3],
			"to": [14, 14, -1],
			"rotation": {"angle": 0, "axis": "y", "origin": [12, 12, -3]},
			"faces": {
				"north": {"uv": [7.5, 9.375, 7.75, 9.625], "texture": "#0"},
				"east": {"uv": [7.75, 9.375, 8, 9.625], "texture": "#0"},
				"south": {"uv": [8, 9.375, 8.25, 9.625], "texture": "#0"},
				"west": {"uv": [8.25, 9.375, 8.5, 9.625], "texture": "#0"},
				"up": {"uv": [8.75, 9.625, 8.5, 9.375], "texture": "#0"},
				"down": {"uv": [9, 9.375, 8.75, 9.625], "texture": "#0"}
			}
		},
		{
			"from": [4, 10, -4],
			"to": [6, 12, -2],
			"rotation": {"angle": 0, "axis": "y", "origin": [4, 10, -4]},
			"faces": {
				"north": {"uv": [9, 9.375, 9.25, 9.625], "texture": "#0"},
				"east": {"uv": [0, 9.5, 0.25, 9.75], "texture": "#0"},
				"south": {"uv": [9.5, 0, 9.75, 0.25], "texture": "#0"},
				"west": {"uv": [0.25, 9.5, 0.5, 9.75], "texture": "#0"},
				"up": {"uv": [9.75, 0.5, 9.5, 0.25], "texture": "#0"},
				"down": {"uv": [0.75, 9.5, 0.5, 9.75], "texture": "#0"}
			}
		},
		{
			"from": [18, 10, 12],
			"to": [20, 12, 14],
			"rotation": {"angle": 0, "axis": "y", "origin": [18, 10, 12]},
			"faces": {
				"north": {"uv": [9.5, 0.5, 9.75, 0.75], "texture": "#0"},
				"east": {"uv": [0.75, 9.5, 1, 9.75], "texture": "#0"},
				"south": {"uv": [9.5, 0.75, 9.75, 1], "texture": "#0"},
				"west": {"uv": [1, 9.5, 1.25, 9.75], "texture": "#0"},
				"up": {"uv": [9.75, 1.25, 9.5, 1], "texture": "#0"},
				"down": {"uv": [1.5, 9.5, 1.25, 9.75], "texture": "#0"}
			}
		},
		{
			"from": [1, 24, 7],
			"to": [3, 26, 9],
			"rotation": {"angle": 0, "axis": "y", "origin": [1, 24, 7]},
			"faces": {
				"north": {"uv": [9.5, 1.25, 9.75, 1.5], "texture": "#0"},
				"east": {"uv": [1.5, 9.5, 1.75, 9.75], "texture": "#0"},
				"south": {"uv": [9.5, 1.5, 9.75, 1.75], "texture": "#0"},
				"west": {"uv": [1.75, 9.5, 2, 9.75], "texture": "#0"},
				"up": {"uv": [9.75, 2, 9.5, 1.75], "texture": "#0"},
				"down": {"uv": [2.25, 9.5, 2, 9.75], "texture": "#0"}
			}
		},
		{
			"from": [-4, 9, 7],
			"to": [-2, 11, 9],
			"rotation": {"angle": 0, "axis": "y", "origin": [-4, 9, 7]},
			"faces": {
				"north": {"uv": [2.25, 9.5, 2.5, 9.75], "texture": "#0"},
				"east": {"uv": [2.5, 9.5, 2.75, 9.75], "texture": "#0"},
				"south": {"uv": [2.75, 9.5, 3, 9.75], "texture": "#0"},
				"west": {"uv": [9.5, 2.75, 9.75, 3], "texture": "#0"},
				"up": {"uv": [3.25, 9.75, 3, 9.5], "texture": "#0"},
				"down": {"uv": [3.5, 9.5, 3.25, 9.75], "texture": "#0"}
			}
		},
		{
			"from": [-1, 18, 4],
			"to": [1, 20, 6],
			"rotation": {"angle": 0, "axis": "y", "origin": [-1, 18, 4]},
			"faces": {
				"north": {"uv": [3.5, 9.5, 3.75, 9.75], "texture": "#0"},
				"east": {"uv": [3.75, 9.5, 4, 9.75], "texture": "#0"},
				"south": {"uv": [4, 9.5, 4.25, 9.75], "texture": "#0"},
				"west": {"uv": [9.5, 4, 9.75, 4.25], "texture": "#0"},
				"up": {"uv": [4.5, 9.75, 4.25, 9.5], "texture": "#0"},
				"down": {"uv": [9.75, 4.25, 9.5, 4.5], "texture": "#0"}
			}
		},
		{
			"from": [-3, 12, 1],
			"to": [-1, 14, 3],
			"rotation": {"angle": 0, "axis": "y", "origin": [-3, 12, 1]},
			"faces": {
				"north": {"uv": [4.5, 9.5, 4.75, 9.75], "texture": "#0"},
				"east": {"uv": [9.5, 4.5, 9.75, 4.75], "texture": "#0"},
				"south": {"uv": [9.5, 4.75, 9.75, 5], "texture": "#0"},
				"west": {"uv": [9.5, 5, 9.75, 5.25], "texture": "#0"},
				"up": {"uv": [9.75, 5.5, 9.5, 5.25], "texture": "#0"},
				"down": {"uv": [9.75, 5.5, 9.5, 5.75], "texture": "#0"}
			}
		},
		{
			"from": [1, 10, 18],
			"to": [3, 12, 20],
			"rotation": {"angle": 0, "axis": "y", "origin": [1, 10, 18]},
			"faces": {
				"north": {"uv": [2.5, 6.5, 2.75, 6.75], "texture": "#0"},
				"east": {"uv": [2.5, 6.75, 2.75, 7], "texture": "#0"},
				"south": {"uv": [2.5, 7, 2.75, 7.25], "texture": "#0"},
				"west": {"uv": [6.5, 7.75, 6.75, 8], "texture": "#0"},
				"up": {"uv": [5, 8.25, 4.75, 8], "texture": "#0"},
				"down": {"uv": [6.75, 8, 6.5, 8.25], "texture": "#0"}
			}
		}
	],
	"display": {
		"thirdperson_righthand": {
			"scale": [0.4, 0.4, 0.4]
		},
		"thirdperson_lefthand": {
			"scale": [0.4, 0.4, 0.4]
		},
		"firstperson_righthand": {
			"scale": [0.4, 0.4, 0.4]
		},
		"firstperson_lefthand": {
			"scale": [0.4, 0.4, 0.4]
		},
		"head": {
			"translation": [0, -12.75, 0],
			"scale": [2.3, 2.3, 2.3]
		}
	},
	"groups": [
		{
			"name": "tree",
			"origin": [8, 8, 8],
			"color": 0,
			"children": [0, 1, 2, 3, 4, 5, 6, 7, 8, 9, 10, 11, 12, 13, 14, 15, 16, 17, 18, 19, 20, 21, 22, 23, 24, 25, 26, 27, 28, 29, 30, 31, 32, 33, 34, 35, 36]
		}
	]
}